{"D:\\Harmony_project\\jg12\\AppScope\\app.json5":{"hashValue":"85b8a7c3a97cee63813197ca5f774bb3","name":"app.json5","path":"D:\\Harmony_project\\jg12\\AppScope\\app.json5","type":"file","isSymbolicLink":false,"fileMetaData":{"size":205,"lastModifiedTime":1731407425123}},"D:\\Harmony_project\\jg12\\entry\\src\\main\\module.json5":{"hashValue":"90b960323fa183956ca2bd4f23494f8d","name":"module.json5","path":"D:\\Harmony_project\\jg12\\entry\\src\\main\\module.json5","type":"file","isSymbolicLink":false,"fileMetaData":{"size":1693,"lastModifiedTime":1733905338645}},"D:\\Harmony_project\\jg12\\build-profile.json5":{"hashValue":"916576de92db07f8d289c8f49937e563","name":"build-profile.json5","path":"D:\\Harmony_project\\jg12\\build-profile.json5","type":"file","isSymbolicLink":false,"fileMetaData":{"size":756,"lastModifiedTime":1731407425181}},"D:\\Harmony_project\\jg12\\entry\\build-profile.json5":{"hashValue":"eb9bde32eb742288e99a1d33cf9fc383","name":"build-profile.json5","path":"D:\\Harmony_project\\jg12\\entry\\build-profile.json5","type":"file","isSymbolicLink":false,"fileMetaData":{"size":449,"lastModifiedTime":1731407425207}},"D:\\Harmony_project\\jg12\\entry\\src\\main\\resources\\base\\profile\\main_pages.json":{"hashValue":"594064c0090a3f494eb7d94eb60916fe","name":"main_pages.json","path":"D:\\Harmony_project\\jg12\\entry\\src\\main\\resources\\base\\profile\\main_pages.json","type":"file","isSymbolicLink":false,"fileMetaData":{"size":697,"lastModifiedTime":1734080027541}},"D:\\Harmony_project\\jg12\\hvigor\\hvigor-config.json5":{"hashValue":"5592bf70f722b988bf95291cac88e2ee","name":"hvigor-config.json5","path":"D:\\Harmony_project\\jg12\\hvigor\\hvigor-config.json5","type":"file","isSymbolicLink":false,"fileMetaData":{"size":1323,"lastModifiedTime":1731407419517}},"D:\\Harmony_project\\jg12\\entry\\src\\mock\\mock-config.json5":{"hashValue":"433071d584c7423328312d7e294ae539","name":"mock-config.json5","path":"D:\\Harmony_project\\jg12\\entry\\src\\mock\\mock-config.json5","type":"file","isSymbolicLink":false,"fileMetaData":{"size":3,"lastModifiedTime":1731407419848}},"D:\\Harmony_project\\jg12\\entry\\oh-package.json5":{"hashValue":"b34e9c3c818247ead27aba8d849f26f4","name":"oh-package.json5","path":"D:\\Harmony_project\\jg12\\entry\\oh-package.json5","type":"file","isSymbolicLink":false,"fileMetaData":{"size":183,"lastModifiedTime":1731407419633}},"D:\\Harmony_project\\jg12\\entry\\.preview\\default\\intermediates\\merge_profile\\default\\module.json":{"hashValue":"c42a02711cd6e0b2462ecae0375e3e2c","name":"module.json","path":"D:\\Harmony_project\\jg12\\entry\\.preview\\default\\intermediates\\merge_profile\\default\\module.json","type":"file","isSymbolicLink":false,"fileMetaData":{"size":1657,"lastModifiedTime":1744804525412}},"D:\\Harmony_project\\jg12\\entry\\.preview\\default\\generated\\profile\\default\\BuildProfile.ets":{"hashValue":"4d278f1b8f4f6205795d13953521487b","name":"BuildProfile.ets","path":"D:\\Harmony_project\\jg12\\entry\\.preview\\default\\generated\\profile\\default\\BuildProfile.ets","type":"file","isSymbolicLink":false,"fileMetaData":{"size":853,"lastModifiedTime":1744804525433}},"D:\\Harmony_project\\jg12\\entry\\.preview\\default\\intermediates\\loader\\default\\pkgContextInfo.json":{"hashValue":"0ecac3bb3bcade98fe9e200a9fb2a9ea","name":"pkgContextInfo.json","path":"D:\\Harmony_project\\jg12\\entry\\.preview\\default\\intermediates\\loader\\default\\pkgContextInfo.json","type":"file","isSymbolicLink":false,"fileMetaData":{"size":444,"lastModifiedTime":1744804525477}},"D:\\Harmony_project\\jg12\\entry\\.preview\\default\\intermediates\\process_profile\\default\\module.json":{"hashValue":"33b356d38d11e2fe61e7ea0337b0e281","name":"module.json","path":"D:\\Harmony_project\\jg12\\entry\\.preview\\default\\intermediates\\process_profile\\default\\module.json","type":"file","isSymbolicLink":false,"fileMetaData":{"size":1743,"lastModifiedTime":1744804527094}},"D:\\Harmony_project\\jg12\\oh-package.json5":{"hashValue":"5188c43d31915591ce6155be47ea0a9d","name":"oh-package.json5","path":"D:\\Harmony_project\\jg12\\oh-package.json5","type":"file","isSymbolicLink":false,"fileMetaData":{"size":210,"lastModifiedTime":1731407425175}},"D:\\Harmony_project\\jg12\\entry\\.preview\\default\\intermediates\\router_map\\default\\temp-router-map.json":{"hashValue":"e2dc863fca915f4428f459d9393106a4","name":"temp-router-map.json","path":"D:\\Harmony_project\\jg12\\entry\\.preview\\default\\intermediates\\router_map\\default\\temp-router-map.json","type":"file","isSymbolicLink":false,"fileMetaData":{"size":16,"lastModifiedTime":1744804527118}},"D:\\Harmony_project\\jg12\\entry\\.preview\\default\\intermediates\\router_map\\default\\loader-router-map.json":{"hashValue":"93e045a09627c423465e15d4f0574676","name":"loader-router-map.json","path":"D:\\Harmony_project\\jg12\\entry\\.preview\\default\\intermediates\\router_map\\default\\loader-router-map.json","type":"file","isSymbolicLink":false,"fileMetaData":{"size":16,"lastModifiedTime":1744804527119}},"D:\\Harmony_project\\jg12\\entry\\.preview\\default\\intermediates\\loader\\default\\loader.json":{"hashValue":"e053845452e5951525a8fcf8502fb93f","name":"loader.json","path":"D:\\Harmony_project\\jg12\\entry\\.preview\\default\\intermediates\\loader\\default\\loader.json","type":"file","isSymbolicLink":false,"fileMetaData":{"size":768,"lastModifiedTime":1744804527209}},"D:\\Harmony_project\\jg12\\entry\\src\\main\\resources":{"hashValue":"64bbc51440f27de0a44c99307977a807","name":"resources","path":"D:\\Harmony_project\\jg12\\entry\\src\\main\\resources","type":"directory","isSymbolicLink":false,"children":[{"hashValue":"3556a188a4a8e4abdb389cc291088a74","name":"base","path":"D:\\Harmony_project\\jg12\\entry\\src\\main\\resources\\base","type":"directory","isSymbolicLink":false,"children":[{"hashValue":"e7ea9ac02f7036d7dcd8f4a607cd1249","name":"element","path":"D:\\Harmony_project\\jg12\\entry\\src\\main\\resources\\base\\element","type":"directory","isSymbolicLink":false,"children":[{"hashValue":"ca8e1ed723ec9e0a922ee2daa7092863","name":"color.json","path":"D:\\Harmony_project\\jg12\\entry\\src\\main\\resources\\base\\element\\color.json","type":"file","isSymbolicLink":false,"fileMetaData":{"size":105,"lastModifiedTime":1731407419914}},{"hashValue":"6897f5fd07caa9163370cd11986270a3","name":"string.json","path":"D:\\Harmony_project\\jg12\\entry\\src\\main\\resources\\base\\element\\string.json","type":"file","isSymbolicLink":false,"fileMetaData":{"size":253,"lastModifiedTime":1731470344564}}]},{"hashValue":"1fadeafd2495cfa31834264f2c944e8e","name":"media","path":"D:\\Harmony_project\\jg12\\entry\\src\\main\\resources\\base\\media","type":"directory","isSymbolicLink":false,"children":[{"hashValue":"fd9cf78ae14da6b122086d0036601f15","name":"back.jpg","path":"D:\\Harmony_project\\jg12\\entry\\src\\main\\resources\\base\\media\\back.jpg","type":"file","isSymbolicLink":false,"fileMetaData":{"size":810,"lastModifiedTime":1732850854625}},{"hashValue":"b7c7d6cb48c2a9212052c029cf0e9b7e","name":"background.png","path":"D:\\Harmony_project\\jg12\\entry\\src\\main\\resources\\base\\media\\background.png","type":"file","isSymbolicLink":false,"fileMetaData":{"size":57364,"lastModifiedTime":1731407419928}},{"hashValue":"a22de42d665d47b2c7910e6833e7df8b","name":"foreground.png","path":"D:\\Harmony_project\\jg12\\entry\\src\\main\\resources\\base\\media\\foreground.png","type":"file","isSymbolicLink":false,"fileMetaData":{"size":12430,"lastModifiedTime":1731407419938}},{"hashValue":"f0d1d15da2a587be1f331d55a883260f","name":"girl.jpg","path":"D:\\Harmony_project\\jg12\\entry\\src\\main\\resources\\base\\media\\girl.jpg","type":"file","isSymbolicLink":false,"fileMetaData":{"size":493420,"lastModifiedTime":1736409649584}},{"hashValue":"cf56eb1d2d8f04536a966dba2cfec989","name":"girl0.jpeg","path":"D:\\Harmony_project\\jg12\\entry\\src\\main\\resources\\base\\media\\girl0.jpeg","type":"file","isSymbolicLink":false,"fileMetaData":{"size":189975,"lastModifiedTime":1734431440737}},{"hashValue":"0875639a98d73f628818c94488abf18b","name":"girl1.png","path":"D:\\Harmony_project\\jg12\\entry\\src\\main\\resources\\base\\media\\girl1.png","type":"file","isSymbolicLink":false,"fileMetaData":{"size":101540,"lastModifiedTime":1731510291312}},{"hashValue":"69d4ac9e40c09bc73b7368a9f2979754","name":"girl2.jpg","path":"D:\\Harmony_project\\jg12\\entry\\src\\main\\resources\\base\\media\\girl2.jpg","type":"file","isSymbolicLink":false,"fileMetaData":{"size":114665,"lastModifiedTime":1733817896504}},{"hashValue":"fe2815cea26b79044e0520c932e32c67","name":"girl3.jpg","path":"D:\\Harmony_project\\jg12\\entry\\src\\main\\resources\\base\\media\\girl3.jpg","type":"file","isSymbolicLink":false,"fileMetaData":{"size":306024,"lastModifiedTime":1733817932065}},{"hashValue":"8ea0eff625c7d05e647fccbe80b054f2","name":"girl4.png","path":"D:\\Harmony_project\\jg12\\entry\\src\\main\\resources\\base\\media\\girl4.png","type":"file","isSymbolicLink":false,"fileMetaData":{"size":868016,"lastModifiedTime":1733840125199}},{"hashValue":"7356de346ccd474f5d72efafb42d2126","name":"grape.png","path":"D:\\Harmony_project\\jg12\\entry\\src\\main\\resources\\base\\media\\grape.png","type":"file","isSymbolicLink":false,"fileMetaData":{"size":2019,"lastModifiedTime":1731418159821}},{"hashValue":"cf790c2f8e76a0e14f2fd3d180b3da5a","name":"head.jpeg","path":"D:\\Harmony_project\\jg12\\entry\\src\\main\\resources\\base\\media\\head.jpeg","type":"file","isSymbolicLink":false,"fileMetaData":{"size":69833,"lastModifiedTime":1734448057039}},{"hashValue":"e5793e82cffe0f26d4898f897f70af14","name":"layered_image.json","path":"D:\\Harmony_project\\jg12\\entry\\src\\main\\resources\\base\\media\\layered_image.json","type":"file","isSymbolicLink":false,"fileMetaData":{"size":109,"lastModifiedTime":1731407419947}},{"hashValue":"267faf53f26ddd7c1ec71cd9a2fea673","name":"startIcon.png","path":"D:\\Harmony_project\\jg12\\entry\\src\\main\\resources\\base\\media\\startIcon.png","type":"file","isSymbolicLink":false,"fileMetaData":{"size":20093,"lastModifiedTime":1731407419966}},{"hashValue":"955b51b4ba3d1757e60a20232a7da6cc","name":"yao.jpg","path":"D:\\Harmony_project\\jg12\\entry\\src\\main\\resources\\base\\media\\yao.jpg","type":"file","isSymbolicLink":false,"fileMetaData":{"size":55986,"lastModifiedTime":1690547967890}},{"hashValue":"73895856f6d892665bf9bd80eb7236c2","name":"yao1.png","path":"D:\\Harmony_project\\jg12\\entry\\src\\main\\resources\\base\\media\\yao1.png","type":"file","isSymbolicLink":false,"fileMetaData":{"size":307049,"lastModifiedTime":1733460062017}}]},{"hashValue":"faa08bdfd61fcb405cdf20990a67464b","name":"profile","path":"D:\\Harmony_project\\jg12\\entry\\src\\main\\resources\\base\\profile","type":"directory","isSymbolicLink":false,"children":[{"hashValue":"b88bf3da0b18cab28af7585e1079389c","name":"backup_config.json","path":"D:\\Harmony_project\\jg12\\entry\\src\\main\\resources\\base\\profile\\backup_config.json","type":"file","isSymbolicLink":false,"fileMetaData":{"size":36,"lastModifiedTime":1731407420044}},{"hashValue":"594064c0090a3f494eb7d94eb60916fe","name":"main_pages.json","path":"D:\\Harmony_project\\jg12\\entry\\src\\main\\resources\\base\\profile\\main_pages.json","type":"file","isSymbolicLink":false,"fileMetaData":{"size":697,"lastModifiedTime":1734080027541}}]}]},{"hashValue":"34d469e4b4e7a7d3d7da48d0e842797f","name":"en_US","path":"D:\\Harmony_project\\jg12\\entry\\src\\main\\resources\\en_US","type":"directory","isSymbolicLink":false,"children":[{"hashValue":"9d9559619c43f5cac43bdb285b9ea0d5","name":"element","path":"D:\\Harmony_project\\jg12\\entry\\src\\main\\resources\\en_US\\element","type":"directory","isSymbolicLink":false,"children":[{"hashValue":"0e8ee704f776268bc6b08c628635974d","name":"string.json","path":"D:\\Harmony_project\\jg12\\entry\\src\\main\\resources\\en_US\\element\\string.json","type":"file","isSymbolicLink":false,"fileMetaData":{"size":253,"lastModifiedTime":1731470442515}}]}]},{"hashValue":"","name":"rawfile","path":"D:\\Harmony_project\\jg12\\entry\\src\\main\\resources\\rawfile","type":"directory","isSymbolicLink":false,"children":[]},{"hashValue":"bd72dd399f1203bdd21cb46653ee442d","name":"zh_CN","path":"D:\\Harmony_project\\jg12\\entry\\src\\main\\resources\\zh_CN","type":"directory","isSymbolicLink":false,"children":[{"hashValue":"0df410b65e55fd9b121cccc7affdaad8","name":"element","path":"D:\\Harmony_project\\jg12\\entry\\src\\main\\resources\\zh_CN\\element","type":"directory","isSymbolicLink":false,"children":[{"hashValue":"5792d9498ac95aa66860a33deffd4a89","name":"string.json","path":"D:\\Harmony_project\\jg12\\entry\\src\\main\\resources\\zh_CN\\element\\string.json","type":"file","isSymbolicLink":false,"fileMetaData":{"size":247,"lastModifiedTime":1731470386144}}]}]}]},"D:\\Harmony_project\\jg12\\entry\\.preview\\default\\intermediates\\res\\default":{"hashValue":"6669a3cbab410fbd02eac091b883ae54","name":"default","path":"D:\\Harmony_project\\jg12\\entry\\.preview\\default\\intermediates\\res\\default","type":"directory","isSymbolicLink":false,"children":[{"hashValue":"b2d0e14fcc91e0c563ccbcd5de6e1ec0","name":"app_compiled","path":"D:\\Harmony_project\\jg12\\entry\\.preview\\default\\intermediates\\res\\default\\app_compiled","type":"directory","isSymbolicLink":false,"children":[{"hashValue":"1d64d1d19bf703ccb923743bb2b72ea0","name":"4432545862131726845","path":"D:\\Harmony_project\\jg12\\entry\\.preview\\default\\intermediates\\res\\default\\app_compiled\\4432545862131726845","type":"file","isSymbolicLink":false,"fileMetaData":{"size":172,"lastModifiedTime":1744804528205}},{"hashValue":"64161005e792887c6453e40fdba203d1","name":"9008607539713853972","path":"D:\\Harmony_project\\jg12\\entry\\.preview\\default\\intermediates\\res\\default\\app_compiled\\9008607539713853972","type":"file","isSymbolicLink":false,"fileMetaData":{"size":114,"lastModifiedTime":1744804528203}}]},{"hashValue":"9ec51379a2a7a50461d9bb3dc099d742","name":"ids_map","path":"D:\\Harmony_project\\jg12\\entry\\.preview\\default\\intermediates\\res\\default\\ids_map","type":"directory","isSymbolicLink":false,"children":[{"hashValue":"5d5507c88fb63f1911aa5c19347b52cd","name":"id_defined.json","path":"D:\\Harmony_project\\jg12\\entry\\.preview\\default\\intermediates\\res\\default\\ids_map\\id_defined.json","type":"file","isSymbolicLink":false,"fileMetaData":{"size":1694,"lastModifiedTime":1744804528474}}]},{"hashValue":"d8e17a685f38c0be73bb881013e1059b","name":"mock-config.json","path":"D:\\Harmony_project\\jg12\\entry\\.preview\\default\\intermediates\\res\\default\\mock-config.json","type":"file","isSymbolicLink":false,"fileMetaData":{"size":2,"lastModifiedTime":1731407596539}},{"hashValue":"cd60357a7af435c98abb74aee2ca30a6","name":"module_compiled","path":"D:\\Harmony_project\\jg12\\entry\\.preview\\default\\intermediates\\res\\default\\module_compiled","type":"directory","isSymbolicLink":false,"children":[{"hashValue":"90ccc57336433fc255a46b04ac4cc3a7","name":"10448258307023657298","path":"D:\\Harmony_project\\jg12\\entry\\.preview\\default\\intermediates\\res\\default\\module_compiled\\10448258307023657298","type":"file","isSymbolicLink":false,"fileMetaData":{"size":175,"lastModifiedTime":1744804528297}},{"hashValue":"21effde26c979f6a13310c1c55606081","name":"10491834938446025038","path":"D:\\Harmony_project\\jg12\\entry\\.preview\\default\\intermediates\\res\\default\\module_compiled\\10491834938446025038","type":"file","isSymbolicLink":false,"fileMetaData":{"size":187,"lastModifiedTime":1744804528299}},{"hashValue":"4ef0e0e034d2c564c5c69ab0f5fdb8f6","name":"10577094564160606703","path":"D:\\Harmony_project\\jg12\\entry\\.preview\\default\\intermediates\\res\\default\\module_compiled\\10577094564160606703","type":"file","isSymbolicLink":false,"fileMetaData":{"size":389,"lastModifiedTime":1744804528282}},{"hashValue":"ef0c401e914e1b6207cab2ca2fbe5a8f","name":"12733184240908400169","path":"D:\\Harmony_project\\jg12\\entry\\.preview\\default\\intermediates\\res\\default\\module_compiled\\12733184240908400169","type":"file","isSymbolicLink":false,"fileMetaData":{"size":172,"lastModifiedTime":1744804528287}},{"hashValue":"de81ab927b658db33123118914d82f3d","name":"13652525682726364272","path":"D:\\Harmony_project\\jg12\\entry\\.preview\\default\\intermediates\\res\\default\\module_compiled\\13652525682726364272","type":"file","isSymbolicLink":false,"fileMetaData":{"size":190,"lastModifiedTime":1744804528285}},{"hashValue":"3ac774baa263999adc243e53506b9c99","name":"14234086089100895832","path":"D:\\Harmony_project\\jg12\\entry\\.preview\\default\\intermediates\\res\\default\\module_compiled\\14234086089100895832","type":"file","isSymbolicLink":false,"fileMetaData":{"size":172,"lastModifiedTime":1744804528302}},{"hashValue":"e7f3edf9b43e849b12eec7df05fd2197","name":"14288122490794958430","path":"D:\\Harmony_project\\jg12\\entry\\.preview\\default\\intermediates\\res\\default\\module_compiled\\14288122490794958430","type":"file","isSymbolicLink":false,"fileMetaData":{"size":175,"lastModifiedTime":1744804528296}},{"hashValue":"3d2c9a1117e2c6fa115d9bdba976c344","name":"16324601356014234887","path":"D:\\Harmony_project\\jg12\\entry\\.preview\\default\\intermediates\\res\\default\\module_compiled\\16324601356014234887","type":"file","isSymbolicLink":false,"fileMetaData":{"size":175,"lastModifiedTime":1744804528289}},{"hashValue":"77ee31ce94260e81ba6857e82c1a088d","name":"17769909158942412538","path":"D:\\Harmony_project\\jg12\\entry\\.preview\\default\\intermediates\\res\\default\\module_compiled\\17769909158942412538","type":"file","isSymbolicLink":false,"fileMetaData":{"size":172,"lastModifiedTime":1744804528284}},{"hashValue":"d2d60e87e8ec6a5daa88faebf9fdec6a","name":"2649525909530654486","path":"D:\\Harmony_project\\jg12\\entry\\.preview\\default\\intermediates\\res\\default\\module_compiled\\2649525909530654486","type":"file","isSymbolicLink":false,"fileMetaData":{"size":206,"lastModifiedTime":1744804528303}},{"hashValue":"6402f08a2351ff2858045100d604c7ce","name":"3275406015017129660","path":"D:\\Harmony_project\\jg12\\entry\\.preview\\default\\intermediates\\res\\default\\module_compiled\\3275406015017129660","type":"file","isSymbolicLink":false,"fileMetaData":{"size":190,"lastModifiedTime":1744804528286}},{"hashValue":"43014e9626a5f4524ae7c2668a6ef325","name":"3863181051136065647","path":"D:\\Harmony_project\\jg12\\entry\\.preview\\default\\intermediates\\res\\default\\module_compiled\\3863181051136065647","type":"file","isSymbolicLink":false,"fileMetaData":{"size":178,"lastModifiedTime":1744804528288}},{"hashValue":"0724b645c0a290069ebf61d1ecc7894e","name":"5623980984469232395","path":"D:\\Harmony_project\\jg12\\entry\\.preview\\default\\intermediates\\res\\default\\module_compiled\\5623980984469232395","type":"file","isSymbolicLink":false,"fileMetaData":{"size":443,"lastModifiedTime":1744804528306}},{"hashValue":"9568344efb6d4877983ff97c6b86f9f3","name":"5685516975956504259","path":"D:\\Harmony_project\\jg12\\entry\\.preview\\default\\intermediates\\res\\default\\module_compiled\\5685516975956504259","type":"file","isSymbolicLink":false,"fileMetaData":{"size":175,"lastModifiedTime":1744804528292}},{"hashValue":"6f24b700f97d076d533afdc0ff1f52b2","name":"7216920050394059535","path":"D:\\Harmony_project\\jg12\\entry\\.preview\\default\\intermediates\\res\\default\\module_compiled\\7216920050394059535","type":"file","isSymbolicLink":false,"fileMetaData":{"size":130,"lastModifiedTime":1744804528281}},{"hashValue":"4473b844fcfcd2fa244f9ff17025a5d9","name":"7695484326638683363","path":"D:\\Harmony_project\\jg12\\entry\\.preview\\default\\intermediates\\res\\default\\module_compiled\\7695484326638683363","type":"file","isSymbolicLink":false,"fileMetaData":{"size":437,"lastModifiedTime":1744804528310}},{"hashValue":"e97b866de1406a92c7b548f021fbeccf","name":"8149593141541206908","path":"D:\\Harmony_project\\jg12\\entry\\.preview\\default\\intermediates\\res\\default\\module_compiled\\8149593141541206908","type":"file","isSymbolicLink":false,"fileMetaData":{"size":169,"lastModifiedTime":1744804528301}},{"hashValue":"3e3067c13b8fba2eb82f2ea80e2eeabb","name":"8197478895324295738","path":"D:\\Harmony_project\\jg12\\entry\\.preview\\default\\intermediates\\res\\default\\module_compiled\\8197478895324295738","type":"file","isSymbolicLink":false,"fileMetaData":{"size":202,"lastModifiedTime":1744804528298}},{"hashValue":"f02b943c1f2a4e7482fcfcc98d029451","name":"893447086926578522","path":"D:\\Harmony_project\\jg12\\entry\\.preview\\default\\intermediates\\res\\default\\module_compiled\\893447086926578522","type":"file","isSymbolicLink":false,"fileMetaData":{"size":175,"lastModifiedTime":1744804528293}},{"hashValue":"2348126b645bef6b2ac2969ed03d10df","name":"8945830730627386420","path":"D:\\Harmony_project\\jg12\\entry\\.preview\\default\\intermediates\\res\\default\\module_compiled\\8945830730627386420","type":"file","isSymbolicLink":false,"fileMetaData":{"size":197,"lastModifiedTime":1744804528304}},{"hashValue":"a9dd5c24b6cfe27864e3bc47b235bb8c","name":"9266244424787647224","path":"D:\\Harmony_project\\jg12\\entry\\.preview\\default\\intermediates\\res\\default\\module_compiled\\9266244424787647224","type":"file","isSymbolicLink":false,"fileMetaData":{"size":175,"lastModifiedTime":1744804528290}}]},{"hashValue":"7dc3f29e284e5d26499fbf79e2b1724b","name":"module.json","path":"D:\\Harmony_project\\jg12\\entry\\.preview\\default\\intermediates\\res\\default\\module.json","type":"file","isSymbolicLink":false,"fileMetaData":{"size":1916,"lastModifiedTime":1744804528475}},{"hashValue":"966f7875959b28d41608b9c7940c5583","name":"resources","path":"D:\\Harmony_project\\jg12\\entry\\.preview\\default\\intermediates\\res\\default\\resources","type":"directory","isSymbolicLink":false,"children":[{"hashValue":"258d8b0504924ebcd192b46c0ddfa63f","name":"base","path":"D:\\Harmony_project\\jg12\\entry\\.preview\\default\\intermediates\\res\\default\\resources\\base","type":"directory","isSymbolicLink":false,"children":[{"hashValue":"039b9f4dceebe53c2da2eb77c7d59a3e","name":"media","path":"D:\\Harmony_project\\jg12\\entry\\.preview\\default\\intermediates\\res\\default\\resources\\base\\media","type":"directory","isSymbolicLink":false,"children":[{"hashValue":"9d9a28f4e04e53c36d6b1d39081ed4c5","name":"layered_image.json","path":"D:\\Harmony_project\\jg12\\entry\\.preview\\default\\intermediates\\res\\default\\resources\\base\\media\\layered_image.json","type":"file","isSymbolicLink":false,"fileMetaData":{"size":95,"lastModifiedTime":1744804528471}}]},{"hashValue":"75275c8ea483c39f139e90571ec214ca","name":"profile","path":"D:\\Harmony_project\\jg12\\entry\\.preview\\default\\intermediates\\res\\default\\resources\\base\\profile","type":"directory","isSymbolicLink":false,"children":[{"hashValue":"b88bf3da0b18cab28af7585e1079389c","name":"backup_config.json","path":"D:\\Harmony_project\\jg12\\entry\\.preview\\default\\intermediates\\res\\default\\resources\\base\\profile\\backup_config.json","type":"file","isSymbolicLink":false,"fileMetaData":{"size":36,"lastModifiedTime":1731407420044}},{"hashValue":"dec112da0ad82da939fdc62c65c2f090","name":"main_pages.json","path":"D:\\Harmony_project\\jg12\\entry\\.preview\\default\\intermediates\\res\\default\\resources\\base\\profile\\main_pages.json","type":"file","isSymbolicLink":false,"fileMetaData":{"size":549,"lastModifiedTime":1744804552425}}]}]}]},{"hashValue":"adc320911181348d49484a7d46934c53","name":"resources.index","path":"D:\\Harmony_project\\jg12\\entry\\.preview\\default\\intermediates\\res\\default\\resources.index","type":"file","isSymbolicLink":false,"fileMetaData":{"size":2716,"lastModifiedTime":1744804528472}},{"hashValue":"eeccfce1daca971f4a4dc46543b7bcfc","name":"ResourceTable.txt","path":"D:\\Harmony_project\\jg12\\entry\\.preview\\default\\intermediates\\res\\default\\ResourceTable.txt","type":"file","isSymbolicLink":false,"fileMetaData":{"size":620,"lastModifiedTime":1744804528477}}]},"D:\\Harmony_project\\jg12\\entry\\.preview\\default\\generated\\r\\default":{"hashValue":"4540834ffc613e29a2d481b266cd4aea","name":"default","path":"D:\\Harmony_project\\jg12\\entry\\.preview\\default\\generated\\r\\default","type":"directory","isSymbolicLink":false,"children":[{"hashValue":"ac234577b5e5f0bc60065ebd01f8d7fe","name":"ResourceTable.h","path":"D:\\Harmony_project\\jg12\\entry\\.preview\\default\\generated\\r\\default\\ResourceTable.h","type":"file","isSymbolicLink":false,"fileMetaData":{"size":1717,"lastModifiedTime":1744804528476}}]},"D:\\Harmony_project\\jg12\\entry\\src\\main\\resources\\base\\profile":{"hashValue":"faa08bdfd61fcb405cdf20990a67464b","name":"profile","path":"D:\\Harmony_project\\jg12\\entry\\src\\main\\resources\\base\\profile","type":"directory","isSymbolicLink":false,"children":[{"hashValue":"b88bf3da0b18cab28af7585e1079389c","name":"backup_config.json","path":"D:\\Harmony_project\\jg12\\entry\\src\\main\\resources\\base\\profile\\backup_config.json","type":"file","isSymbolicLink":false,"fileMetaData":{"size":36,"lastModifiedTime":1731407420044}},{"hashValue":"594064c0090a3f494eb7d94eb60916fe","name":"main_pages.json","path":"D:\\Harmony_project\\jg12\\entry\\src\\main\\resources\\base\\profile\\main_pages.json","type":"file","isSymbolicLink":false,"fileMetaData":{"size":697,"lastModifiedTime":1734080027541}}]},"D:\\Harmony_project\\jg12\\entry\\.preview\\default\\intermediates\\res\\default\\resources\\base\\profile":{"hashValue":"75275c8ea483c39f139e90571ec214ca","name":"profile","path":"D:\\Harmony_project\\jg12\\entry\\.preview\\default\\intermediates\\res\\default\\resources\\base\\profile","type":"directory","isSymbolicLink":false,"children":[{"hashValue":"b88bf3da0b18cab28af7585e1079389c","name":"backup_config.json","path":"D:\\Harmony_project\\jg12\\entry\\.preview\\default\\intermediates\\res\\default\\resources\\base\\profile\\backup_config.json","type":"file","isSymbolicLink":false,"fileMetaData":{"size":36,"lastModifiedTime":1731407420044}},{"hashValue":"dec112da0ad82da939fdc62c65c2f090","name":"main_pages.json","path":"D:\\Harmony_project\\jg12\\entry\\.preview\\default\\intermediates\\res\\default\\resources\\base\\profile\\main_pages.json","type":"file","isSymbolicLink":false,"fileMetaData":{"size":549,"lastModifiedTime":1744804552425}}]},"D:\\Harmony_project\\jg12\\entry\\.preview\\default\\intermediates\\res\\default\\module.json":{"hashValue":"7dc3f29e284e5d26499fbf79e2b1724b","name":"module.json","path":"D:\\Harmony_project\\jg12\\entry\\.preview\\default\\intermediates\\res\\default\\module.json","type":"file","isSymbolicLink":false,"fileMetaData":{"size":1916,"lastModifiedTime":1744804528475}},"D:\\Harmony_project\\jg12\\entry\\.preview\\default\\intermediates\\res\\default\\resources\\base\\profile\\main_pages.json":{"hashValue":"dec112da0ad82da939fdc62c65c2f090","name":"main_pages.json","path":"D:\\Harmony_project\\jg12\\entry\\.preview\\default\\intermediates\\res\\default\\resources\\base\\profile\\main_pages.json","type":"file","isSymbolicLink":false,"fileMetaData":{"size":549,"lastModifiedTime":1744804552425}},"D:\\Harmony_project\\jg12\\entry\\.preview\\default\\intermediates\\loader\\default":{"hashValue":"397d4da629a48aed97635d611de8c715","name":"default","path":"D:\\Harmony_project\\jg12\\entry\\.preview\\default\\intermediates\\loader\\default","type":"directory","isSymbolicLink":false,"children":[{"hashValue":"e053845452e5951525a8fcf8502fb93f","name":"loader.json","path":"D:\\Harmony_project\\jg12\\entry\\.preview\\default\\intermediates\\loader\\default\\loader.json","type":"file","isSymbolicLink":false,"fileMetaData":{"size":768,"lastModifiedTime":1744804527209}},{"hashValue":"0ecac3bb3bcade98fe9e200a9fb2a9ea","name":"pkgContextInfo.json","path":"D:\\Harmony_project\\jg12\\entry\\.preview\\default\\intermediates\\loader\\default\\pkgContextInfo.json","type":"file","isSymbolicLink":false,"fileMetaData":{"size":444,"lastModifiedTime":1744804525477}}]},"D:\\Harmony_project\\jg12\\entry\\.preview\\default\\intermediates\\res\\default\\ResourceTable.txt":{"hashValue":"eeccfce1daca971f4a4dc46543b7bcfc","name":"ResourceTable.txt","path":"D:\\Harmony_project\\jg12\\entry\\.preview\\default\\intermediates\\res\\default\\ResourceTable.txt","type":"file","isSymbolicLink":false,"fileMetaData":{"size":620,"lastModifiedTime":1744804528477}},"D:\\Harmony_project\\jg12\\entry\\src\\main\\ets":{"hashValue":"014d3b96bd1cca362c1815de640508b9","name":"ets","path":"D:\\Harmony_project\\jg12\\entry\\src\\main\\ets","type":"directory","isSymbolicLink":false,"children":[{"hashValue":"5ed30d2975a7e55bebff68a38847c990","name":"class","path":"D:\\Harmony_project\\jg12\\entry\\src\\main\\ets\\class","type":"directory","isSymbolicLink":false,"children":[{"hashValue":"9c1d9866a7a8b07740243b53e8d5d51c","name":"Student.ets","path":"D:\\Harmony_project\\jg12\\entry\\src\\main\\ets\\class\\Student.ets","type":"file","isSymbolicLink":false,"fileMetaData":{"size":333,"lastModifiedTime":1733906224145}}]},{"hashValue":"521e5069906a1b661fdd0a3737016522","name":"entryability","path":"D:\\Harmony_project\\jg12\\entry\\src\\main\\ets\\entryability","type":"directory","isSymbolicLink":false,"children":[{"hashValue":"b084093d6e4b0e8c0ed18ad12f7ca319","name":"EntryAbility.ets","path":"D:\\Harmony_project\\jg12\\entry\\src\\main\\ets\\entryability\\EntryAbility.ets","type":"file","isSymbolicLink":false,"fileMetaData":{"size":1478,"lastModifiedTime":1734181909544}}]},{"hashValue":"d5d5637876697bdf8bdb7a1a07fc7b22","name":"entrybackupability","path":"D:\\Harmony_project\\jg12\\entry\\src\\main\\ets\\entrybackupability","type":"directory","isSymbolicLink":false,"children":[{"hashValue":"a947c185febca0c87d230e3c37935bfa","name":"EntryBackupAbility.ets","path":"D:\\Harmony_project\\jg12\\entry\\src\\main\\ets\\entrybackupability\\EntryBackupAbility.ets","type":"file","isSymbolicLink":false,"fileMetaData":{"size":436,"lastModifiedTime":1731407425195}}]},{"hashValue":"2e14d36db1caa1a957ec1bd7bf1673a3","name":"pages","path":"D:\\Harmony_project\\jg12\\entry\\src\\main\\ets\\pages","type":"directory","isSymbolicLink":false,"children":[{"hashValue":"010e8fc887a4af1195b0604d25cd5521","name":"BadgePage.ets","path":"D:\\Harmony_project\\jg12\\entry\\src\\main\\ets\\pages\\BadgePage.ets","type":"file","isSymbolicLink":false,"fileMetaData":{"size":702,"lastModifiedTime":1733895470204}},{"hashValue":"f430ae939ef5057b379dd842da010002","name":"CounterPage.ets","path":"D:\\Harmony_project\\jg12\\entry\\src\\main\\ets\\pages\\CounterPage.ets","type":"file","isSymbolicLink":false,"fileMetaData":{"size":509,"lastModifiedTime":1734510315258}},{"hashValue":"e17783f74fa90a6cddd801cb26a9611e","name":"FindStudentPage.ets","path":"D:\\Harmony_project\\jg12\\entry\\src\\main\\ets\\pages\\FindStudentPage.ets","type":"file","isSymbolicLink":false,"fileMetaData":{"size":2401,"lastModifiedTime":1733909502521}},{"hashValue":"82e893b8906b2d2981518cf439366e06","name":"FirstPage.ets","path":"D:\\Harmony_project\\jg12\\entry\\src\\main\\ets\\pages\\FirstPage.ets","type":"file","isSymbolicLink":false,"fileMetaData":{"size":1566,"lastModifiedTime":1731729282311}},{"hashValue":"9905b2c54eb46adacdf281682c699129","name":"FlexPage.ets","path":"D:\\Harmony_project\\jg12\\entry\\src\\main\\ets\\pages\\FlexPage.ets","type":"file","isSymbolicLink":false,"fileMetaData":{"size":996,"lastModifiedTime":1735267170573}},{"hashValue":"fff392ec326454b1d0ee3c8187c4fd90","name":"ForEachPage.ets","path":"D:\\Harmony_project\\jg12\\entry\\src\\main\\ets\\pages\\ForEachPage.ets","type":"file","isSymbolicLink":false,"fileMetaData":{"size":606,"lastModifiedTime":1732703874213}},{"hashValue":"1abab47bcbda3f1f3f368006ffd11f82","name":"GridComponmentPage.ets","path":"D:\\Harmony_project\\jg12\\entry\\src\\main\\ets\\pages\\GridComponmentPage.ets","type":"file","isSymbolicLink":false,"fileMetaData":{"size":1052,"lastModifiedTime":1734059667969}},{"hashValue":"a669b398e25b49e0c1fe8b0f2f8d25bd","name":"GridRenderPage.ets","path":"D:\\Harmony_project\\jg12\\entry\\src\\main\\ets\\pages\\GridRenderPage.ets","type":"file","isSymbolicLink":false,"fileMetaData":{"size":11278,"lastModifiedTime":1735269663290}},{"hashValue":"706724b23d95496bd97b6a9976f4ca55","name":"IfElsePage.ets","path":"D:\\Harmony_project\\jg12\\entry\\src\\main\\ets\\pages\\IfElsePage.ets","type":"file","isSymbolicLink":false,"fileMetaData":{"size":949,"lastModifiedTime":1733817925018}},{"hashValue":"e1733d079383c3821e5e137616eab119","name":"ImagePage.ets","path":"D:\\Harmony_project\\jg12\\entry\\src\\main\\ets\\pages\\ImagePage.ets","type":"file","isSymbolicLink":false,"fileMetaData":{"size":307,"lastModifiedTime":1733817925033}},{"hashValue":"7e65ca772b2e016f73c6367a19f23888","name":"Index.ets","path":"D:\\Harmony_project\\jg12\\entry\\src\\main\\ets\\pages\\Index.ets","type":"file","isSymbolicLink":false,"fileMetaData":{"size":1121,"lastModifiedTime":1731470877000}},{"hashValue":"b1432eec7d0ec1342212624b0c25a8fc","name":"LinearPage.ets","path":"D:\\Harmony_project\\jg12\\entry\\src\\main\\ets\\pages\\LinearPage.ets","type":"file","isSymbolicLink":false,"fileMetaData":{"size":1100,"lastModifiedTime":1733754374843}},{"hashValue":"9d4d253ba334f3db216c1c190ec3a9dd","name":"ListPage.ets","path":"D:\\Harmony_project\\jg12\\entry\\src\\main\\ets\\pages\\ListPage.ets","type":"file","isSymbolicLink":false,"fileMetaData":{"size":5978,"lastModifiedTime":1735266275636}},{"hashValue":"e789f677fa1a50f5aae9edada7a727b7","name":"ListRenderPage.ets","path":"D:\\Harmony_project\\jg12\\entry\\src\\main\\ets\\pages\\ListRenderPage.ets","type":"file","isSymbolicLink":false,"fileMetaData":{"size":2466,"lastModifiedTime":1734061535223}},{"hashValue":"ee8def2728e7987609246243d34a34bf","name":"LoginPage.ets","path":"D:\\Harmony_project\\jg12\\entry\\src\\main\\ets\\pages\\LoginPage.ets","type":"file","isSymbolicLink":false,"fileMetaData":{"size":4376,"lastModifiedTime":1736409846287}},{"hashValue":"b753f19e9d1a991188a612ef2a6acbed","name":"MainPage.ets","path":"D:\\Harmony_project\\jg12\\entry\\src\\main\\ets\\pages\\MainPage.ets","type":"file","isSymbolicLink":false,"fileMetaData":{"size":14310,"lastModifiedTime":1736409854160}},{"hashValue":"f4e68fcb4db2fc2e0cc5ca80135ef98c","name":"PickerPage.ets","path":"D:\\Harmony_project\\jg12\\entry\\src\\main\\ets\\pages\\PickerPage.ets","type":"file","isSymbolicLink":false,"fileMetaData":{"size":1189,"lastModifiedTime":1733451636491}},{"hashValue":"870c81dc9b237db3f045b771a94bd4d0","name":"ProgressPage.ets","path":"D:\\Harmony_project\\jg12\\entry\\src\\main\\ets\\pages\\ProgressPage.ets","type":"file","isSymbolicLink":false,"fileMetaData":{"size":2049,"lastModifiedTime":1731511155472}},{"hashValue":"285144922a56b917886f21700cadf685","name":"QRCodePage.ets","path":"D:\\Harmony_project\\jg12\\entry\\src\\main\\ets\\pages\\QRCodePage.ets","type":"file","isSymbolicLink":false,"fileMetaData":{"size":263,"lastModifiedTime":1733453542799}},{"hashValue":"a819c664a1a93fb6e8e12a2a0c491ea5","name":"RatingPage.ets","path":"D:\\Harmony_project\\jg12\\entry\\src\\main\\ets\\pages\\RatingPage.ets","type":"file","isSymbolicLink":false,"fileMetaData":{"size":708,"lastModifiedTime":1733820724936}},{"hashValue":"d455a39b74db51d373864723c18e36ba","name":"RelativePage.ets","path":"D:\\Harmony_project\\jg12\\entry\\src\\main\\ets\\pages\\RelativePage.ets","type":"file","isSymbolicLink":false,"fileMetaData":{"size":1520,"lastModifiedTime":1733737443503}},{"hashValue":"3afbedce81fe5f31f93264d44cd30052","name":"SecondPage.ets","path":"D:\\Harmony_project\\jg12\\entry\\src\\main\\ets\\pages\\SecondPage.ets","type":"file","isSymbolicLink":false,"fileMetaData":{"size":1404,"lastModifiedTime":1731729208635}},{"hashValue":"dee82425b586a1db59ced0e085bf71b2","name":"SideBarPage.ets","path":"D:\\Harmony_project\\jg12\\entry\\src\\main\\ets\\pages\\SideBarPage.ets","type":"file","isSymbolicLink":false,"fileMetaData":{"size":1829,"lastModifiedTime":1733805469970}},{"hashValue":"c501fc88cdbcaeaa16ff851ed8acfe6c","name":"SilderPage.ets","path":"D:\\Harmony_project\\jg12\\entry\\src\\main\\ets\\pages\\SilderPage.ets","type":"file","isSymbolicLink":false,"fileMetaData":{"size":954,"lastModifiedTime":1735268650774}},{"hashValue":"ef6181b393eceb122be3888992797059","name":"SwiperPage.ets","path":"D:\\Harmony_project\\jg12\\entry\\src\\main\\ets\\pages\\SwiperPage.ets","type":"file","isSymbolicLink":false,"fileMetaData":{"size":1586,"lastModifiedTime":1733841849747}},{"hashValue":"dce779905ef65f8b37094d9be3f427fe","name":"TabsPage.ets","path":"D:\\Harmony_project\\jg12\\entry\\src\\main\\ets\\pages\\TabsPage.ets","type":"file","isSymbolicLink":false,"fileMetaData":{"size":3936,"lastModifiedTime":1733841560909}},{"hashValue":"5f9dd8e9aeafd4b635813baf0e6bd1e7","name":"TogglePage.ets","path":"D:\\Harmony_project\\jg12\\entry\\src\\main\\ets\\pages\\TogglePage.ets","type":"file","isSymbolicLink":false,"fileMetaData":{"size":1011,"lastModifiedTime":1733454865634}},{"hashValue":"fbd089004e6e7e09541656c63cb5b2fb","name":"yaoPage.ets","path":"D:\\Harmony_project\\jg12\\entry\\src\\main\\ets\\pages\\yaoPage.ets","type":"file","isSymbolicLink":false,"fileMetaData":{"size":306,"lastModifiedTime":1733455763771}}]}]},"D:\\Harmony_project\\jg12\\entry\\build\\default\\intermediates\\hap_metadata\\default\\output_metadata.json":{"hashValue":"603a777073ec96b3511d87c26f4d6deb","name":"output_metadata.json","path":"D:\\Harmony_project\\jg12\\entry\\build\\default\\intermediates\\hap_metadata\\default\\output_metadata.json","type":"file","isSymbolicLink":false,"fileMetaData":{"size":100,"lastModifiedTime":1733909703318}},"D:\\Harmony_project\\jg12\\entry\\build\\default\\intermediates\\merge_profile\\default\\module.json":{"hashValue":"dfa2cb08ea50f98e9059222e0f4131d0","name":"module.json","path":"D:\\Harmony_project\\jg12\\entry\\build\\default\\intermediates\\merge_profile\\default\\module.json","type":"file","isSymbolicLink":false,"fileMetaData":{"size":1657,"lastModifiedTime":1744804570925}},"D:\\Harmony_project\\jg12\\entry\\build\\default\\generated\\profile\\default\\BuildProfile.ets":{"hashValue":"7310a15dd29c3a075b6ddd89593b8836","name":"BuildProfile.ets","path":"D:\\Harmony_project\\jg12\\entry\\build\\default\\generated\\profile\\default\\BuildProfile.ets","type":"file","isSymbolicLink":false,"fileMetaData":{"size":853,"lastModifiedTime":1744804570940}},"D:\\Harmony_project\\jg12\\entry\\build\\default\\intermediates\\loader\\default\\pkgContextInfo.json":{"hashValue":"d240d1064392c0926c7a4a00a1209df7","name":"pkgContextInfo.json","path":"D:\\Harmony_project\\jg12\\entry\\build\\default\\intermediates\\loader\\default\\pkgContextInfo.json","type":"file","isSymbolicLink":false,"fileMetaData":{"size":444,"lastModifiedTime":1744804570965}},"D:\\Harmony_project\\jg12\\entry\\src\\main\\resources\\base\\profile\\backup_config.json":{"hashValue":"b88bf3da0b18cab28af7585e1079389c","name":"backup_config.json","path":"D:\\Harmony_project\\jg12\\entry\\src\\main\\resources\\base\\profile\\backup_config.json","type":"file","isSymbolicLink":false,"fileMetaData":{"size":36,"lastModifiedTime":1731407420044}},"D:\\Harmony_project\\jg12\\entry\\build\\default\\outputs\\default\\pack.info":{"hashValue":"42c5d407289b20e3ef040676f0f1a5d4","name":"pack.info","path":"D:\\Harmony_project\\jg12\\entry\\build\\default\\outputs\\default\\pack.info","type":"file","isSymbolicLink":false,"fileMetaData":{"size":627,"lastModifiedTime":1733909703384}},"D:\\Harmony_project\\jg12\\entry\\build\\default\\intermediates\\process_profile\\default\\module.json":{"hashValue":"995edf8e6422f6b9d467945ae4e0f691","name":"module.json","path":"D:\\Harmony_project\\jg12\\entry\\build\\default\\intermediates\\process_profile\\default\\module.json","type":"file","isSymbolicLink":false,"fileMetaData":{"size":1743,"lastModifiedTime":1744804571109}},"D:\\DevEco Studio\\sdk\\default\\openharmony\\toolchains\\syscap_tool.exe":{"hashValue":"deda553f1a31609a0601eda42d95b111","name":"syscap_tool.exe","path":"D:\\DevEco Studio\\sdk\\default\\openharmony\\toolchains\\syscap_tool.exe","type":"file","isSymbolicLink":false,"fileMetaData":{"size":345088,"lastModifiedTime":1729480855000}},"D:\\DevEco Studio\\sdk\\default\\openharmony\\ets\\api\\device-define":{"hashValue":"73998a88c573c759e705985efe5e6a04","name":"device-define","path":"D:\\DevEco Studio\\sdk\\default\\openharmony\\ets\\api\\device-define","type":"directory","isSymbolicLink":false,"children":[{"hashValue":"ce4d02e8a84219a069516e678709e4a8","name":"default.json","path":"D:\\DevEco Studio\\sdk\\default\\openharmony\\ets\\api\\device-define\\default.json","type":"file","isSymbolicLink":false,"fileMetaData":{"size":12253,"lastModifiedTime":1729480855000}},{"hashValue":"5614967bdb4e10c49209033e9ee6c155","name":"liteWearable.json","path":"D:\\DevEco Studio\\sdk\\default\\openharmony\\ets\\api\\device-define\\liteWearable.json","type":"file","isSymbolicLink":false,"fileMetaData":{"size":883,"lastModifiedTime":1729480855000}},{"hashValue":"63ed75ff84af62c5dd58913b71fb5afe","name":"tablet.json","path":"D:\\DevEco Studio\\sdk\\default\\openharmony\\ets\\api\\device-define\\tablet.json","type":"file","isSymbolicLink":false,"fileMetaData":{"size":11820,"lastModifiedTime":1729480855000}}]},"D:\\Harmony_project\\jg12\\entry\\build\\default\\intermediates\\router_map\\default\\temp-router-map.json":{"hashValue":"25fd22d825dfecaa5ddfaf890f3ebaeb","name":"temp-router-map.json","path":"D:\\Harmony_project\\jg12\\entry\\build\\default\\intermediates\\router_map\\default\\temp-router-map.json","type":"file","isSymbolicLink":false,"fileMetaData":{"size":16,"lastModifiedTime":1744804571159}},"D:\\Harmony_project\\jg12\\entry\\build\\default\\intermediates\\router_map\\default\\loader-router-map.json":{"hashValue":"95b6adff28711f70f31a7182327449a9","name":"loader-router-map.json","path":"D:\\Harmony_project\\jg12\\entry\\build\\default\\intermediates\\router_map\\default\\loader-router-map.json","type":"file","isSymbolicLink":false,"fileMetaData":{"size":16,"lastModifiedTime":1744804571160}},"D:\\Harmony_project\\jg12\\entry\\build\\default\\intermediates\\res\\default\\resConfig.json":{"hashValue":"0f23996fd915e494e26b67e79b2639f4","name":"resConfig.json","path":"D:\\Harmony_project\\jg12\\entry\\build\\default\\intermediates\\res\\default\\resConfig.json","type":"file","isSymbolicLink":false,"fileMetaData":{"size":964,"lastModifiedTime":1731419354270}},"D:\\Harmony_project\\jg12\\entry\\build\\default\\intermediates\\res\\default\\opt-compression.json":{"hashValue":"99167f1d973375104f40b48a81d2b8ed","name":"opt-compression.json","path":"D:\\Harmony_project\\jg12\\entry\\build\\default\\intermediates\\res\\default\\opt-compression.json","type":"file","isSymbolicLink":false,"fileMetaData":{"size":172,"lastModifiedTime":1731419354269}},"D:\\Harmony_project\\jg12\\entry\\build\\default\\intermediates\\loader\\default\\loader.json":{"hashValue":"719adeff76299317bf42b90eb2cfabe3","name":"loader.json","path":"D:\\Harmony_project\\jg12\\entry\\build\\default\\intermediates\\loader\\default\\loader.json","type":"file","isSymbolicLink":false,"fileMetaData":{"size":854,"lastModifiedTime":1744804571257}},"D:\\Harmony_project\\jg12\\entry\\build\\default\\intermediates\\libs\\default":{"hashValue":"","name":"default","path":"D:\\Harmony_project\\jg12\\entry\\build\\default\\intermediates\\libs\\default","type":"directory","isSymbolicLink":false,"children":[]},"D:\\Harmony_project\\jg12\\AppScope\\resources":{"hashValue":"bc4a17e0645c4819f9f0326e3d7f4adc","name":"resources","path":"D:\\Harmony_project\\jg12\\AppScope\\resources","type":"directory","isSymbolicLink":false,"children":[{"hashValue":"1313c48b5f0553529eb0b81a5ee70309","name":"base","path":"D:\\Harmony_project\\jg12\\AppScope\\resources\\base","type":"directory","isSymbolicLink":false,"children":[{"hashValue":"a264961b4360db026aa18d23ce5dd916","name":"element","path":"D:\\Harmony_project\\jg12\\AppScope\\resources\\base\\element","type":"directory","isSymbolicLink":false,"children":[{"hashValue":"c92bf2fb80fcc0506c5fb9ea58607d21","name":"string.json","path":"D:\\Harmony_project\\jg12\\AppScope\\resources\\base\\element\\string.json","type":"file","isSymbolicLink":false,"fileMetaData":{"size":97,"lastModifiedTime":1731470627093}}]},{"hashValue":"76fb40a6335ed92695099f335193e19f","name":"media","path":"D:\\Harmony_project\\jg12\\AppScope\\resources\\base\\media","type":"directory","isSymbolicLink":false,"children":[{"hashValue":"317bbe3975a955460a339d44ca5d815f","name":"app_icon.png","path":"D:\\Harmony_project\\jg12\\AppScope\\resources\\base\\media\\app_icon.png","type":"file","isSymbolicLink":false,"fileMetaData":{"size":2777,"lastModifiedTime":1731407419559}}]}]}]},"D:\\Harmony_project\\jg12\\entry\\build\\default\\intermediates\\res\\default":{"hashValue":"710328408a40ac708ed1870041aa7622","name":"default","path":"D:\\Harmony_project\\jg12\\entry\\build\\default\\intermediates\\res\\default","type":"directory","isSymbolicLink":false,"children":[{"hashValue":"99dc610539d25fdc886b707609795c23","name":"ids_map","path":"D:\\Harmony_project\\jg12\\entry\\build\\default\\intermediates\\res\\default\\ids_map","type":"directory","isSymbolicLink":false,"children":[{"hashValue":"8921c09c32344a25da334db62d34898b","name":"id_defined.json","path":"D:\\Harmony_project\\jg12\\entry\\build\\default\\intermediates\\res\\default\\ids_map\\id_defined.json","type":"file","isSymbolicLink":false,"fileMetaData":{"size":1694,"lastModifiedTime":1744804571575}}]},{"hashValue":"db9dfdcc165ea480c7a8df8d707cae16","name":"module.json","path":"D:\\Harmony_project\\jg12\\entry\\build\\default\\intermediates\\res\\default\\module.json","type":"file","isSymbolicLink":false,"fileMetaData":{"size":1916,"lastModifiedTime":1744804571562}},{"hashValue":"99167f1d973375104f40b48a81d2b8ed","name":"opt-compression.json","path":"D:\\Harmony_project\\jg12\\entry\\build\\default\\intermediates\\res\\default\\opt-compression.json","type":"file","isSymbolicLink":false,"fileMetaData":{"size":172,"lastModifiedTime":1731419354269}},{"hashValue":"0f23996fd915e494e26b67e79b2639f4","name":"resConfig.json","path":"D:\\Harmony_project\\jg12\\entry\\build\\default\\intermediates\\res\\default\\resConfig.json","type":"file","isSymbolicLink":false,"fileMetaData":{"size":964,"lastModifiedTime":1731419354270}},{"hashValue":"a6d09992b4447848e9c5e8913e41092f","name":"resources","path":"D:\\Harmony_project\\jg12\\entry\\build\\default\\intermediates\\res\\default\\resources","type":"directory","isSymbolicLink":false,"children":[{"hashValue":"1d79886bb0ad6b1e3c8933ec0d9e4856","name":"base","path":"D:\\Harmony_project\\jg12\\entry\\build\\default\\intermediates\\res\\default\\resources\\base","type":"directory","isSymbolicLink":false,"children":[{"hashValue":"911c3eaca8f3ec1d8630df6fb4cb7e12","name":"media","path":"D:\\Harmony_project\\jg12\\entry\\build\\default\\intermediates\\res\\default\\resources\\base\\media","type":"directory","isSymbolicLink":false,"children":[{"hashValue":"317bbe3975a955460a339d44ca5d815f","name":"app_icon.png","path":"D:\\Harmony_project\\jg12\\entry\\build\\default\\intermediates\\res\\default\\resources\\base\\media\\app_icon.png","type":"file","isSymbolicLink":false,"fileMetaData":{"size":2777,"lastModifiedTime":1731407419559}},{"hashValue":"fd9cf78ae14da6b122086d0036601f15","name":"back.jpg","path":"D:\\Harmony_project\\jg12\\entry\\build\\default\\intermediates\\res\\default\\resources\\base\\media\\back.jpg","type":"file","isSymbolicLink":false,"fileMetaData":{"size":810,"lastModifiedTime":1732850854625}},{"hashValue":"b7c7d6cb48c2a9212052c029cf0e9b7e","name":"background.png","path":"D:\\Harmony_project\\jg12\\entry\\build\\default\\intermediates\\res\\default\\resources\\base\\media\\background.png","type":"file","isSymbolicLink":false,"fileMetaData":{"size":57364,"lastModifiedTime":1731407419928}},{"hashValue":"a22de42d665d47b2c7910e6833e7df8b","name":"foreground.png","path":"D:\\Harmony_project\\jg12\\entry\\build\\default\\intermediates\\res\\default\\resources\\base\\media\\foreground.png","type":"file","isSymbolicLink":false,"fileMetaData":{"size":12430,"lastModifiedTime":1731407419938}},{"hashValue":"f0d1d15da2a587be1f331d55a883260f","name":"girl.jpg","path":"D:\\Harmony_project\\jg12\\entry\\build\\default\\intermediates\\res\\default\\resources\\base\\media\\girl.jpg","type":"file","isSymbolicLink":false,"fileMetaData":{"size":493420,"lastModifiedTime":1736409649584}},{"hashValue":"cf56eb1d2d8f04536a966dba2cfec989","name":"girl0.jpeg","path":"D:\\Harmony_project\\jg12\\entry\\build\\default\\intermediates\\res\\default\\resources\\base\\media\\girl0.jpeg","type":"file","isSymbolicLink":false,"fileMetaData":{"size":189975,"lastModifiedTime":1734431440737}},{"hashValue":"0875639a98d73f628818c94488abf18b","name":"girl1.png","path":"D:\\Harmony_project\\jg12\\entry\\build\\default\\intermediates\\res\\default\\resources\\base\\media\\girl1.png","type":"file","isSymbolicLink":false,"fileMetaData":{"size":101540,"lastModifiedTime":1731510291312}},{"hashValue":"69d4ac9e40c09bc73b7368a9f2979754","name":"girl2.jpg","path":"D:\\Harmony_project\\jg12\\entry\\build\\default\\intermediates\\res\\default\\resources\\base\\media\\girl2.jpg","type":"file","isSymbolicLink":false,"fileMetaData":{"size":114665,"lastModifiedTime":1733817896504}},{"hashValue":"fe2815cea26b79044e0520c932e32c67","name":"girl3.jpg","path":"D:\\Harmony_project\\jg12\\entry\\build\\default\\intermediates\\res\\default\\resources\\base\\media\\girl3.jpg","type":"file","isSymbolicLink":false,"fileMetaData":{"size":306024,"lastModifiedTime":1733817932065}},{"hashValue":"8ea0eff625c7d05e647fccbe80b054f2","name":"girl4.png","path":"D:\\Harmony_project\\jg12\\entry\\build\\default\\intermediates\\res\\default\\resources\\base\\media\\girl4.png","type":"file","isSymbolicLink":false,"fileMetaData":{"size":868016,"lastModifiedTime":1733840125199}},{"hashValue":"7356de346ccd474f5d72efafb42d2126","name":"grape.png","path":"D:\\Harmony_project\\jg12\\entry\\build\\default\\intermediates\\res\\default\\resources\\base\\media\\grape.png","type":"file","isSymbolicLink":false,"fileMetaData":{"size":2019,"lastModifiedTime":1731418159821}},{"hashValue":"cf790c2f8e76a0e14f2fd3d180b3da5a","name":"head.jpeg","path":"D:\\Harmony_project\\jg12\\entry\\build\\default\\intermediates\\res\\default\\resources\\base\\media\\head.jpeg","type":"file","isSymbolicLink":false,"fileMetaData":{"size":69833,"lastModifiedTime":1734448057039}},{"hashValue":"6011646ae30d548e93511e11c3e4c56f","name":"layered_image.json","path":"D:\\Harmony_project\\jg12\\entry\\build\\default\\intermediates\\res\\default\\resources\\base\\media\\layered_image.json","type":"file","isSymbolicLink":false,"fileMetaData":{"size":95,"lastModifiedTime":1744804571538}},{"hashValue":"267faf53f26ddd7c1ec71cd9a2fea673","name":"startIcon.png","path":"D:\\Harmony_project\\jg12\\entry\\build\\default\\intermediates\\res\\default\\resources\\base\\media\\startIcon.png","type":"file","isSymbolicLink":false,"fileMetaData":{"size":20093,"lastModifiedTime":1731407419966}},{"hashValue":"955b51b4ba3d1757e60a20232a7da6cc","name":"yao.jpg","path":"D:\\Harmony_project\\jg12\\entry\\build\\default\\intermediates\\res\\default\\resources\\base\\media\\yao.jpg","type":"file","isSymbolicLink":false,"fileMetaData":{"size":55986,"lastModifiedTime":1690547967890}},{"hashValue":"73895856f6d892665bf9bd80eb7236c2","name":"yao1.png","path":"D:\\Harmony_project\\jg12\\entry\\build\\default\\intermediates\\res\\default\\resources\\base\\media\\yao1.png","type":"file","isSymbolicLink":false,"fileMetaData":{"size":307049,"lastModifiedTime":1733460062017}}]},{"hashValue":"faa08bdfd61fcb405cdf20990a67464b","name":"profile","path":"D:\\Harmony_project\\jg12\\entry\\build\\default\\intermediates\\res\\default\\resources\\base\\profile","type":"directory","isSymbolicLink":false,"children":[{"hashValue":"b88bf3da0b18cab28af7585e1079389c","name":"backup_config.json","path":"D:\\Harmony_project\\jg12\\entry\\build\\default\\intermediates\\res\\default\\resources\\base\\profile\\backup_config.json","type":"file","isSymbolicLink":false,"fileMetaData":{"size":36,"lastModifiedTime":1731407420044}},{"hashValue":"594064c0090a3f494eb7d94eb60916fe","name":"main_pages.json","path":"D:\\Harmony_project\\jg12\\entry\\build\\default\\intermediates\\res\\default\\resources\\base\\profile\\main_pages.json","type":"file","isSymbolicLink":false,"fileMetaData":{"size":697,"lastModifiedTime":1734080027541}}]}]},{"hashValue":"","name":"rawfile","path":"D:\\Harmony_project\\jg12\\entry\\build\\default\\intermediates\\res\\default\\resources\\rawfile","type":"directory","isSymbolicLink":false,"children":[]}]},{"hashValue":"4aab8826dfd8ced80d9f088d4fdaad27","name":"resources.index","path":"D:\\Harmony_project\\jg12\\entry\\build\\default\\intermediates\\res\\default\\resources.index","type":"file","isSymbolicLink":false,"fileMetaData":{"size":2094,"lastModifiedTime":1744804571572}},{"hashValue":"511f949165b56834d17bb72697255e78","name":"ResourceTable.txt","path":"D:\\Harmony_project\\jg12\\entry\\build\\default\\intermediates\\res\\default\\ResourceTable.txt","type":"file","isSymbolicLink":false,"fileMetaData":{"size":620,"lastModifiedTime":1744804571550}}]},"D:\\Harmony_project\\jg12\\entry\\build\\default\\generated\\r\\default\\ResourceTable.h":{"hashValue":"bebb322b2fafeaf7c707db71b9e6c00c","name":"ResourceTable.h","path":"D:\\Harmony_project\\jg12\\entry\\build\\default\\generated\\r\\default\\ResourceTable.h","type":"file","isSymbolicLink":false,"fileMetaData":{"size":1717,"lastModifiedTime":1744804571548}},"D:\\Harmony_project\\jg12\\entry\\build\\default\\generated\\r\\default":{"hashValue":"b9a8d1bdf9801e446d0706bc2fd00cfe","name":"default","path":"D:\\Harmony_project\\jg12\\entry\\build\\default\\generated\\r\\default","type":"directory","isSymbolicLink":false,"children":[{"hashValue":"bebb322b2fafeaf7c707db71b9e6c00c","name":"ResourceTable.h","path":"D:\\Harmony_project\\jg12\\entry\\build\\default\\generated\\r\\default\\ResourceTable.h","type":"file","isSymbolicLink":false,"fileMetaData":{"size":1717,"lastModifiedTime":1744804571548}}]},"D:\\Harmony_project\\jg12\\entry\\build\\default\\intermediates\\loader\\default":{"hashValue":"079e5755b22e160013f64a2ae58b37f3","name":"default","path":"D:\\Harmony_project\\jg12\\entry\\build\\default\\intermediates\\loader\\default","type":"directory","isSymbolicLink":false,"children":[{"hashValue":"719adeff76299317bf42b90eb2cfabe3","name":"loader.json","path":"D:\\Harmony_project\\jg12\\entry\\build\\default\\intermediates\\loader\\default\\loader.json","type":"file","isSymbolicLink":false,"fileMetaData":{"size":854,"lastModifiedTime":1744804571257}},{"hashValue":"d240d1064392c0926c7a4a00a1209df7","name":"pkgContextInfo.json","path":"D:\\Harmony_project\\jg12\\entry\\build\\default\\intermediates\\loader\\default\\pkgContextInfo.json","type":"file","isSymbolicLink":false,"fileMetaData":{"size":444,"lastModifiedTime":1744804570965}}]},"D:\\Harmony_project\\jg12\\entry\\build\\default\\intermediates\\res\\default\\resources\\rawfile":{"hashValue":"","name":"rawfile","path":"D:\\Harmony_project\\jg12\\entry\\build\\default\\intermediates\\res\\default\\resources\\rawfile","type":"directory","isSymbolicLink":false,"children":[]},"D:\\Harmony_project\\jg12\\entry\\build\\default\\intermediates\\res\\default\\ResourceTable.txt":{"hashValue":"511f949165b56834d17bb72697255e78","name":"ResourceTable.txt","path":"D:\\Harmony_project\\jg12\\entry\\build\\default\\intermediates\\res\\default\\ResourceTable.txt","type":"file","isSymbolicLink":false,"fileMetaData":{"size":620,"lastModifiedTime":1744804571550}},"D:\\Harmony_project\\jg12\\entry\\build\\default\\intermediates\\res\\default\\module.json":{"hashValue":"db9dfdcc165ea480c7a8df8d707cae16","name":"module.json","path":"D:\\Harmony_project\\jg12\\entry\\build\\default\\intermediates\\res\\default\\module.json","type":"file","isSymbolicLink":false,"fileMetaData":{"size":1916,"lastModifiedTime":1744804571562}},"D:\\Harmony_project\\jg12\\entry\\build\\default\\intermediates\\res\\default\\resources\\base\\profile":{"hashValue":"faa08bdfd61fcb405cdf20990a67464b","name":"profile","path":"D:\\Harmony_project\\jg12\\entry\\build\\default\\intermediates\\res\\default\\resources\\base\\profile","type":"directory","isSymbolicLink":false,"children":[{"hashValue":"b88bf3da0b18cab28af7585e1079389c","name":"backup_config.json","path":"D:\\Harmony_project\\jg12\\entry\\build\\default\\intermediates\\res\\default\\resources\\base\\profile\\backup_config.json","type":"file","isSymbolicLink":false,"fileMetaData":{"size":36,"lastModifiedTime":1731407420044}},{"hashValue":"594064c0090a3f494eb7d94eb60916fe","name":"main_pages.json","path":"D:\\Harmony_project\\jg12\\entry\\build\\default\\intermediates\\res\\default\\resources\\base\\profile\\main_pages.json","type":"file","isSymbolicLink":false,"fileMetaData":{"size":697,"lastModifiedTime":1734080027541}}]},"D:\\Harmony_project\\jg12\\entry\\build\\default\\intermediates\\loader_out\\default\\ets":{"hashValue":"3732c24d46926e1c028a766f50dbf8f6","name":"ets","path":"D:\\Harmony_project\\jg12\\entry\\build\\default\\intermediates\\loader_out\\default\\ets","type":"directory","isSymbolicLink":false,"children":[{"hashValue":"42cd2a0b33473c88fe4369797f702eb0","name":"modules.abc","path":"D:\\Harmony_project\\jg12\\entry\\build\\default\\intermediates\\loader_out\\default\\ets\\modules.abc","type":"file","isSymbolicLink":false,"fileMetaData":{"size":253364,"lastModifiedTime":1744804583090}},{"hashValue":"d7e35fa93ff8d8850629d41f5dc04f4d","name":"sourceMaps.map","path":"D:\\Harmony_project\\jg12\\entry\\build\\default\\intermediates\\loader_out\\default\\ets\\sourceMaps.map","type":"file","isSymbolicLink":false,"fileMetaData":{"size":74351,"lastModifiedTime":1744804582981}}]},"D:\\Harmony_project\\jg12\\entry\\build\\default\\intermediates\\stripped_native_libs\\default":{"hashValue":"","name":"default","path":"D:\\Harmony_project\\jg12\\entry\\build\\default\\intermediates\\stripped_native_libs\\default","type":"directory","isSymbolicLink":false,"children":[]},"D:\\Harmony_project\\jg12\\entry\\build\\default\\intermediates\\patch\\default\\base_native_libs.json":{"hashValue":"c93a5bd4bbf78426b68e2640485a76fc","name":"base_native_libs.json","path":"D:\\Harmony_project\\jg12\\entry\\build\\default\\intermediates\\patch\\default\\base_native_libs.json","type":"file","isSymbolicLink":false,"fileMetaData":{"size":25,"lastModifiedTime":1731419358625}},"D:\\Harmony_project\\jg12\\entry\\build\\default\\intermediates\\package\\default\\module.json":{"hashValue":"db9dfdcc165ea480c7a8df8d707cae16","name":"module.json","path":"D:\\Harmony_project\\jg12\\entry\\build\\default\\intermediates\\package\\default\\module.json","type":"file","isSymbolicLink":false,"fileMetaData":{"size":1916,"lastModifiedTime":1744804571562}},"D:\\Harmony_project\\jg12\\entry\\build\\default\\intermediates\\res\\default\\resources":{"hashValue":"a6d09992b4447848e9c5e8913e41092f","name":"resources","path":"D:\\Harmony_project\\jg12\\entry\\build\\default\\intermediates\\res\\default\\resources","type":"directory","isSymbolicLink":false,"children":[{"hashValue":"1d79886bb0ad6b1e3c8933ec0d9e4856","name":"base","path":"D:\\Harmony_project\\jg12\\entry\\build\\default\\intermediates\\res\\default\\resources\\base","type":"directory","isSymbolicLink":false,"children":[{"hashValue":"911c3eaca8f3ec1d8630df6fb4cb7e12","name":"media","path":"D:\\Harmony_project\\jg12\\entry\\build\\default\\intermediates\\res\\default\\resources\\base\\media","type":"directory","isSymbolicLink":false,"children":[{"hashValue":"317bbe3975a955460a339d44ca5d815f","name":"app_icon.png","path":"D:\\Harmony_project\\jg12\\entry\\build\\default\\intermediates\\res\\default\\resources\\base\\media\\app_icon.png","type":"file","isSymbolicLink":false,"fileMetaData":{"size":2777,"lastModifiedTime":1731407419559}},{"hashValue":"fd9cf78ae14da6b122086d0036601f15","name":"back.jpg","path":"D:\\Harmony_project\\jg12\\entry\\build\\default\\intermediates\\res\\default\\resources\\base\\media\\back.jpg","type":"file","isSymbolicLink":false,"fileMetaData":{"size":810,"lastModifiedTime":1732850854625}},{"hashValue":"b7c7d6cb48c2a9212052c029cf0e9b7e","name":"background.png","path":"D:\\Harmony_project\\jg12\\entry\\build\\default\\intermediates\\res\\default\\resources\\base\\media\\background.png","type":"file","isSymbolicLink":false,"fileMetaData":{"size":57364,"lastModifiedTime":1731407419928}},{"hashValue":"a22de42d665d47b2c7910e6833e7df8b","name":"foreground.png","path":"D:\\Harmony_project\\jg12\\entry\\build\\default\\intermediates\\res\\default\\resources\\base\\media\\foreground.png","type":"file","isSymbolicLink":false,"fileMetaData":{"size":12430,"lastModifiedTime":1731407419938}},{"hashValue":"f0d1d15da2a587be1f331d55a883260f","name":"girl.jpg","path":"D:\\Harmony_project\\jg12\\entry\\build\\default\\intermediates\\res\\default\\resources\\base\\media\\girl.jpg","type":"file","isSymbolicLink":false,"fileMetaData":{"size":493420,"lastModifiedTime":1736409649584}},{"hashValue":"cf56eb1d2d8f04536a966dba2cfec989","name":"girl0.jpeg","path":"D:\\Harmony_project\\jg12\\entry\\build\\default\\intermediates\\res\\default\\resources\\base\\media\\girl0.jpeg","type":"file","isSymbolicLink":false,"fileMetaData":{"size":189975,"lastModifiedTime":1734431440737}},{"hashValue":"0875639a98d73f628818c94488abf18b","name":"girl1.png","path":"D:\\Harmony_project\\jg12\\entry\\build\\default\\intermediates\\res\\default\\resources\\base\\media\\girl1.png","type":"file","isSymbolicLink":false,"fileMetaData":{"size":101540,"lastModifiedTime":1731510291312}},{"hashValue":"69d4ac9e40c09bc73b7368a9f2979754","name":"girl2.jpg","path":"D:\\Harmony_project\\jg12\\entry\\build\\default\\intermediates\\res\\default\\resources\\base\\media\\girl2.jpg","type":"file","isSymbolicLink":false,"fileMetaData":{"size":114665,"lastModifiedTime":1733817896504}},{"hashValue":"fe2815cea26b79044e0520c932e32c67","name":"girl3.jpg","path":"D:\\Harmony_project\\jg12\\entry\\build\\default\\intermediates\\res\\default\\resources\\base\\media\\girl3.jpg","type":"file","isSymbolicLink":false,"fileMetaData":{"size":306024,"lastModifiedTime":1733817932065}},{"hashValue":"8ea0eff625c7d05e647fccbe80b054f2","name":"girl4.png","path":"D:\\Harmony_project\\jg12\\entry\\build\\default\\intermediates\\res\\default\\resources\\base\\media\\girl4.png","type":"file","isSymbolicLink":false,"fileMetaData":{"size":868016,"lastModifiedTime":1733840125199}},{"hashValue":"7356de346ccd474f5d72efafb42d2126","name":"grape.png","path":"D:\\Harmony_project\\jg12\\entry\\build\\default\\intermediates\\res\\default\\resources\\base\\media\\grape.png","type":"file","isSymbolicLink":false,"fileMetaData":{"size":2019,"lastModifiedTime":1731418159821}},{"hashValue":"cf790c2f8e76a0e14f2fd3d180b3da5a","name":"head.jpeg","path":"D:\\Harmony_project\\jg12\\entry\\build\\default\\intermediates\\res\\default\\resources\\base\\media\\head.jpeg","type":"file","isSymbolicLink":false,"fileMetaData":{"size":69833,"lastModifiedTime":1734448057039}},{"hashValue":"6011646ae30d548e93511e11c3e4c56f","name":"layered_image.json","path":"D:\\Harmony_project\\jg12\\entry\\build\\default\\intermediates\\res\\default\\resources\\base\\media\\layered_image.json","type":"file","isSymbolicLink":false,"fileMetaData":{"size":95,"lastModifiedTime":1744804571538}},{"hashValue":"267faf53f26ddd7c1ec71cd9a2fea673","name":"startIcon.png","path":"D:\\Harmony_project\\jg12\\entry\\build\\default\\intermediates\\res\\default\\resources\\base\\media\\startIcon.png","type":"file","isSymbolicLink":false,"fileMetaData":{"size":20093,"lastModifiedTime":1731407419966}},{"hashValue":"955b51b4ba3d1757e60a20232a7da6cc","name":"yao.jpg","path":"D:\\Harmony_project\\jg12\\entry\\build\\default\\intermediates\\res\\default\\resources\\base\\media\\yao.jpg","type":"file","isSymbolicLink":false,"fileMetaData":{"size":55986,"lastModifiedTime":1690547967890}},{"hashValue":"73895856f6d892665bf9bd80eb7236c2","name":"yao1.png","path":"D:\\Harmony_project\\jg12\\entry\\build\\default\\intermediates\\res\\default\\resources\\base\\media\\yao1.png","type":"file","isSymbolicLink":false,"fileMetaData":{"size":307049,"lastModifiedTime":1733460062017}}]},{"hashValue":"faa08bdfd61fcb405cdf20990a67464b","name":"profile","path":"D:\\Harmony_project\\jg12\\entry\\build\\default\\intermediates\\res\\default\\resources\\base\\profile","type":"directory","isSymbolicLink":false,"children":[{"hashValue":"b88bf3da0b18cab28af7585e1079389c","name":"backup_config.json","path":"D:\\Harmony_project\\jg12\\entry\\build\\default\\intermediates\\res\\default\\resources\\base\\profile\\backup_config.json","type":"file","isSymbolicLink":false,"fileMetaData":{"size":36,"lastModifiedTime":1731407420044}},{"hashValue":"594064c0090a3f494eb7d94eb60916fe","name":"main_pages.json","path":"D:\\Harmony_project\\jg12\\entry\\build\\default\\intermediates\\res\\default\\resources\\base\\profile\\main_pages.json","type":"file","isSymbolicLink":false,"fileMetaData":{"size":697,"lastModifiedTime":1734080027541}}]}]},{"hashValue":"","name":"rawfile","path":"D:\\Harmony_project\\jg12\\entry\\build\\default\\intermediates\\res\\default\\resources\\rawfile","type":"directory","isSymbolicLink":false,"children":[]}]},"D:\\Harmony_project\\jg12\\entry\\build\\default\\intermediates\\res\\default\\resources.index":{"hashValue":"4aab8826dfd8ced80d9f088d4fdaad27","name":"resources.index","path":"D:\\Harmony_project\\jg12\\entry\\build\\default\\intermediates\\res\\default\\resources.index","type":"file","isSymbolicLink":false,"fileMetaData":{"size":2094,"lastModifiedTime":1744804571572}},"D:\\Harmony_project\\jg12\\entry\\build\\default\\outputs\\default\\entry-default-unsigned.hap":{"hashValue":"2f1b84e0fa59b9bc275e125c62cce0b8","name":"entry-default-unsigned.hap","path":"D:\\Harmony_project\\jg12\\entry\\build\\default\\outputs\\default\\entry-default-unsigned.hap","type":"file","isSymbolicLink":false,"fileMetaData":{"size":2938295,"lastModifiedTime":1744804583910}},"D:\\Harmony_project\\jg12\\entry\\build\\default\\outputs\\default\\mapping\\sourceMaps.map":{"hashValue":"d7e35fa93ff8d8850629d41f5dc04f4d","name":"sourceMaps.map","path":"D:\\Harmony_project\\jg12\\entry\\build\\default\\outputs\\default\\mapping\\sourceMaps.map","type":"file","isSymbolicLink":false,"fileMetaData":{"size":74351,"lastModifiedTime":1744804582981}},"D:\\Harmony_project\\jg12\\build\\cache\\default\\integrated_hsp\\integratedHspCache.json":{"hashValue":"","name":"emptyroot","path":"","type":"unknown","isSymbolicLink":false,"children":[]},"D:\\Harmony_project\\jg12\\entry\\build\\default\\intermediates\\syscap\\default\\rpcid.sc":{"hashValue":"","name":"emptyroot","path":"","type":"unknown","isSymbolicLink":false,"children":[]},"D:\\Harmony_project\\jg12\\entry\\build\\default\\intermediates\\loader_out\\default\\js":{"hashValue":"","name":"emptyroot","path":"","type":"unknown","isSymbolicLink":false,"children":[]},"D:\\Harmony_project\\jg12\\entry\\build\\default\\outputs\\default\\entry-default-signed.hap":{"hashValue":"","name":"emptyroot","path":"","type":"unknown","isSymbolicLink":false,"children":[]}}