{"CACHE_SYNC_FILE_HASH":{"D:\\Harmony_project\\jg12\\.hvigor\\outputs\\sync\\output.json":"f2f6f469405f9e112bfdae367c3e44775ffdf40540b0d21cceefcd71f92a943d","D:\\Harmony_project\\jg12\\entry\\oh-package.json5":"a73568762f8ee62f18d38c71c80b1eadd98117b6586fa50b1393a2944f59a552","D:\\Harmony_project\\jg12\\entry\\build-profile.json5":"3cba1c5b22e139e11e54bb6f992ce26e034640102c749e79f3be1f174e3dc70f","D:\\Harmony_project\\jg12\\hvigor\\hvigor-config.json5":"778564ef7904a6e7da996ebbb4d2873ea0028dd2f0bf8ec11f918a15f3b85564","D:\\Harmony_project\\jg12\\build-profile.json5":"3dc5625fc685af7b4369211df32cccc91ad8b3bfccb7dacb77aebb45a37f58c6","D:\\Harmony_project\\jg12\\hvigorfile.ts":"908dda4e10646ad5e62401189bce7c11ed393bab14eb3756444d46b658ff65f3","D:\\Harmony_project\\jg12\\entry\\hvigorfile.ts":"3dba9c6ba40a4c25bf90361b3fa4de421dce7e58244ddbf375d2acf819a3a43a","SDK_LOCATION":"D:/DevEco Studio/sdk","D:\\Harmony_project\\jg12\\oh-package.json5":"77e619549546581227237872ec6aa166eb4b04dd3d42c71a7df50e29c93a9dc6"},"OHPM_INSTALL_FILE_HASH":{"D:\\Harmony_project\\jg12\\entry\\oh-package.json5":"a73568762f8ee62f18d38c71c80b1eadd98117b6586fa50b1393a2944f59a552","D:\\Harmony_project\\jg12\\oh_modules":true,"D:\\Harmony_project\\jg12\\oh-package.json5":"77e619549546581227237872ec6aa166eb4b04dd3d42c71a7df50e29c93a9dc6","D:\\Harmony_project\\jg12\\entry\\oh_modules":false}}