{"hspPkgNames":[],"compileEntries":["&entry/src/main/ets/entryability/EntryAbility&","&entry/src/main/ets/entrybackupability/EntryBackupAbility&","&entry/src/main/ets/pages/Index&","&entry/src/main/ets/pages/MainPage&","&entry/src/main/ets/pages/LoginPage&","&entry/src/main/ets/pages/ImagePage&","&entry/src/main/ets/pages/ProgressPage&","&entry/src/main/ets/pages/FirstPage&","&entry/src/main/ets/pages/SecondPage&","&entry/src/main/ets/pages/IfElsePage&","&entry/src/main/ets/pages/ForEachPage&","&entry/src/main/ets/pages/ListPage&","&entry/src/main/ets/pages/PickerPage&","&entry/src/main/ets/pages/QRCodePage&","&entry/src/main/ets/pages/yaoPage&","&entry/src/main/ets/pages/TogglePage&","&entry/src/main/ets/pages/SilderPage&","&entry/src/main/ets/pages/FlexPage&","&entry/src/main/ets/pages/RelativePage&","&entry/src/main/ets/pages/LinearPage&","&entry/src/main/ets/pages/SideBarPage&","&entry/src/main/ets/pages/SwiperPage&","&entry/src/main/ets/pages/TabsPage&","&entry/src/main/ets/pages/RatingPage&","&entry/src/main/ets/pages/CounterPage&","&entry/src/main/ets/pages/BadgePage&","&entry/src/main/ets/pages/FindStudentPage&","&entry/src/main/ets/pages/GridComponmentPage&","&entry/src/main/ets/pages/ListRenderPage&","&entry/src/main/ets/pages/GridRenderPage&"],"pkgContextInfo":{"@ohos/hypium":{"packageName":"@ohos/hypium","bundleName":"","moduleName":"","version":"1.0.19","entryPath":"index.js","isSO":false,"dependencyAlias":""},"@ohos/hamock":{"packageName":"@ohos/hamock","bundleName":"","moduleName":"","version":"1.0.0","entryPath":"index.ets","isSO":false,"dependencyAlias":""},"entry":{"packageName":"entry","bundleName":"","moduleName":"","version":"","entryPath":"src/main/","isSO":false,"dependencyAlias":""}}}