{
  "entry|entry|1.0.0|src/main/ets/entryability/EntryAbility.ts": {
    "version": 3,
    "file": "EntryAbility.ets",
    "sourceRoot": "",
    "sources": [
      "entry/src/main/ets/entryability/EntryAbility.ets"
    ],
    "names": [],
    "mappings": ";;;;;AAIA,MAAM,CAAC,OAAO,OAAO,YAAa,SAAQ,SAAS;IACjD,QAAQ,CAAC,IAAI,EAAE,IAAI,EAAE,WAAW,EAAE,eAAe,CAAC,WAAW,GAAG,IAAI;QAClE,KAAK,CAAC,IAAI,CAAC,MAAM,EAAE,SAAS,EAAE,YAAY,EAAE,kBAAkB,CAAC,CAAC;IAClE,CAAC;IAED,SAAS,IAAI,IAAI;QACf,KAAK,CAAC,IAAI,CAAC,MAAM,EAAE,SAAS,EAAE,YAAY,EAAE,mBAAmB,CAAC,CAAC;IACnE,CAAC;IAED,mBAAmB,CAAC,WAAW,EAAE,MAAM,CAAC,WAAW,GAAG,IAAI;QACxD,yDAAyD;QACzD,KAAK,CAAC,IAAI,CAAC,MAAM,EAAE,SAAS,EAAE,YAAY,EAAE,6BAA6B,CAAC,CAAC;QAE3E,WAAW,CAAC,WAAW,CAAC,iBAAiB,EAAE,CAAC,GAAG,EAAE,EAAE;YACjD,IAAI,GAAG,CAAC,IAAI,EAAE;gBACZ,KAAK,CAAC,KAAK,CAAC,MAAM,EAAE,SAAS,EAAE,+CAA+C,EAAE,IAAI,CAAC,SAAS,CAAC,GAAG,CAAC,IAAI,EAAE,CAAC,CAAC;gBAC3G,OAAO;aACR;YACD,KAAK,CAAC,IAAI,CAAC,MAAM,EAAE,SAAS,EAAE,mCAAmC,CAAC,CAAC;QACrE,CAAC,CAAC,CAAC;IACL,CAAC;IAED,oBAAoB,IAAI,IAAI;QAC1B,yDAAyD;QACzD,KAAK,CAAC,IAAI,CAAC,MAAM,EAAE,SAAS,EAAE,YAAY,EAAE,8BAA8B,CAAC,CAAC;IAC9E,CAAC;IAED,YAAY,IAAI,IAAI;QAClB,oCAAoC;QACpC,KAAK,CAAC,IAAI,CAAC,MAAM,EAAE,SAAS,EAAE,YAAY,EAAE,sBAAsB,CAAC,CAAC;IACtE,CAAC;IAED,YAAY,IAAI,IAAI;QAClB,iCAAiC;QACjC,KAAK,CAAC,IAAI,CAAC,MAAM,EAAE,SAAS,EAAE,YAAY,EAAE,sBAAsB,CAAC,CAAC;IACtE,CAAC;CACF",
    "entry-package-info": "entry|1.0.0"
  },
  "entry|entry|1.0.0|src/main/ets/entrybackupability/EntryBackupAbility.ts": {
    "version": 3,
    "file": "EntryBackupAbility.ets",
    "sourceRoot": "",
    "sources": [
      "entry/src/main/ets/entrybackupability/EntryBackupAbility.ets"
    ],
    "names": [],
    "mappings": ";;;AAGA,MAAM,CAAC,OAAO,OAAO,kBAAmB,SAAQ,sBAAsB;IACpE,KAAK,CAAC,QAAQ;QACZ,KAAK,CAAC,IAAI,CAAC,MAAM,EAAE,SAAS,EAAE,aAAa,CAAC,CAAC;IAC/C,CAAC;IAED,KAAK,CAAC,SAAS,CAAC,aAAa,EAAE,aAAa;QAC1C,KAAK,CAAC,IAAI,CAAC,MAAM,EAAE,SAAS,EAAE,yBAAyB,EAAE,IAAI,CAAC,SAAS,CAAC,aAAa,CAAC,CAAC,CAAC;IAC1F,CAAC;CACF",
    "entry-package-info": "entry|1.0.0"
  },
  "entry|entry|1.0.0|src/main/ets/pages/Index.ts": {
    "version": 3,
    "file": "Index.ets",
    "sourceRoot": "",
    "sources": [
      "entry/src/main/ets/pages/Index.ets"
    ],
    "names": [],
    "mappings": ";;;;IAGO,KAAK,GAAC,MAAM;;MADZ,KAAK;IAFZ;;;;;oDAGsB,CAAC;;;KAHvB;;;;;;;;;;;;;;;;IAGA,0CAAa,MAAM,EAAK;QAAjB,KAAK;;;QAAL,KAAK,WAAC,MAAM;;;IACjB;;YACE,KAAK,QAAC,EAAC,YAAY,EAAC,SAAS,CAAC,SAAS,EAAC;;YAAxC,KAAK,CAgCJ,MAAM,CAAC,MAAM;YAhCd,KAAK,CAiCJ,KAAK,CAAC,MAAM;;;YAhCT,IAAI,QAAC,IAAI,CAAC,KAAK,CAAC,QAAQ,EAAE;;YAA1B,IAAI,CACD,QAAQ,CAAC,GAAG;YADf,IAAI,CAED,SAAS,CAAC,KAAK,CAAC,GAAG;YAFtB,IAAI,CAGD,UAAU,CAAC,UAAU,CAAC,IAAI;YAH7B,IAAI,CAID,IAAI,CAAC,EAAC,KAAK,EAAC,MAAM,EAAC,MAAM,EAAC,KAAK,EAAC;YAJnC,IAAI,CAKD,SAAS,CAAC,SAAS,CAAC,MAAM;YAL7B,IAAI,CAMD,MAAM,CAAC,EAAC,MAAM,EAAC,GAAG,EAAC;;QANtB,IAAI;;YAON,MAAM,iBAAC,GAAG;;YAAV,MAAM,CACH,QAAQ,CAAC,EAAE;YADd,MAAM,CAEH,SAAS,CAAC,SAAS;YAFtB,MAAM,CAGH,UAAU,CAAC,UAAU,CAAC,IAAI;YAH7B,MAAM,CAIH,eAAe,CAAC,KAAK,CAAC,MAAM;YAJ/B,MAAM,CAKH,IAAI,CAAC,EAAC,MAAM,EAAC,GAAG,EAAC,KAAK,EAAC,GAAG,EAAC;YAL9B,MAAM,CAMH,MAAM,CAAC,EAAC,KAAK,EAAC,EAAE,EAAC,MAAM,EAAC,EAAE,EAAC;YAN9B,MAAM,CAOH,OAAO,CAAC,GAAE,EAAE;gBACX,IAAI,CAAC,KAAK,EAAE,CAAC;YACf,CAAC;;QATH,MAAM;;YAUN,MAAM,iBAAC,GAAG;;YAAV,MAAM,CACH,QAAQ,CAAC,EAAE;YADd,MAAM,CAEH,SAAS,CAAC,SAAS;YAFtB,MAAM,CAGH,UAAU,CAAC,UAAU,CAAC,IAAI;YAH7B,MAAM,CAIH,eAAe,CAAC,KAAK,CAAC,KAAK;YAJ9B,MAAM,CAKH,IAAI,CAAC,EAAC,MAAM,EAAC,GAAG,EAAC,KAAK,EAAC,GAAG,EAAC;YAL9B,MAAM,CAMH,MAAM,CAAC,EAAC,KAAK,EAAC,GAAG,EAAC,MAAM,EAAC,EAAE,EAAC;YAN/B,MAAM,CAOH,OAAO,CAAC,GAAE,EAAE;gBACX,QAAQ;gBACR,IAAI,IAAI,CAAC,KAAK,GAAG,CAAC,EAAE;oBAClB,IAAI,CAAC,KAAK,EAAE,CAAC;iBACd;YACH,CAAC;;QAZH,MAAM;QAlBR,KAAK;KAkCN",
    "entry-package-info": "entry|1.0.0"
  },
  "entry|entry|1.0.0|src/main/ets/pages/LoginPage.ts": {
    "version": 3,
    "file": "LoginPage.ets",
    "sourceRoot": "",
    "sources": [
      "entry/src/main/ets/pages/LoginPage.ets"
    ],
    "names": [],
    "mappings": ";;;;IAOS,OAAO,GAAE,MAAM;IACf,QAAQ,GAAE,MAAM;;;;MAHlB,SAAS;IAFhB;;;;;sDAI2B,EAAE;uDACD,EAAE;;;KAPoB;;;;;;;;;;;;;;;;;;;;;IAKhD,4BAA4B;IAC5B,4CAAgB,MAAM,EAAM;QAArB,OAAO;;;QAAP,OAAO,WAAE,MAAM;;;IACtB,6CAAiB,MAAM,EAAM;QAAtB,QAAQ;;;QAAR,QAAQ,WAAE,MAAM;;;IACvB;;YAEE,MAAM,QAAC,EAAC,KAAK,EAAC,EAAE,EAAC;;YAAjB,MAAM,CA2HH,KAAK,CAAC,KAAK;YA3Hd,MAAM,CA4HH,MAAM,CAAC,EAAE;YA5HZ,MAAM,CA6HH,MAAM,CAAC,EAAC,GAAG,EAAC,EAAE,EAAC;YA7HlB,MAAM,CA+HL,eAAe;YA/HhB,MAAM,CAgIL,mBAAmB,CAAC,CAAC;YAhItB,MAAM,CAoIL,OAAO,CAAC,CAAC;YApIV,MAAM,CAwIL,MAAM,CAAC,MAAM;YAxId,MAAM,CAyIL,KAAK,CAAC,MAAM;;;YAtIX,GAAG,QAAC,EAAC,KAAK,EAAC,EAAE,EAAC;;YAAd,GAAG,CAOF,KAAK,CAAC,KAAK;YAPZ,GAAG,CAQF,MAAM,CAAC,EAAE;YARV,GAAG,CASF,MAAM,CAAC,EAAC,GAAG,EAAC,GAAG,EAAC;;;YARf,KAAK;;YAAL,KAAK,CACF,KAAK,CAAC,GAAG;YADZ,KAAK,CAEF,MAAM,CAAC,GAAG;YAFb,KAAK,CAGF,YAAY,CAAC,GAAG;;QAJrB,GAAG;;YAYH,GAAG;;YAAH,GAAG,CAOF,KAAK,CAAC,MAAM;YAPb,GAAG,CAQF,MAAM,CAAC,EAAE;YARV,GAAG,CASF,MAAM,CAAC,EAAC,GAAG,EAAC,EAAE,EAAC;;;YARd,IAAI,QAAC,SAAS;;YAAd,IAAI,CACD,QAAQ,CAAC,EAAE;YADd,IAAI,CAED,KAAK,CAAC,MAAM;YAFf,IAAI,CAGD,SAAS,CAAC,KAAK,CAAC,KAAK;YAHxB,IAAI,CAID,SAAS,CAAC,SAAS,CAAC,MAAM;;QAJ7B,IAAI;QADN,GAAG;;YAYH,GAAG,QAAC,EAAE,KAAK,EAAE,EAAE,EAAE;;YAAjB,GAAG,CAoBF,KAAK,CAAC,KAAK;YApBZ,GAAG,CAqBF,MAAM,CAAC,EAAE;YArBV,GAAG,CAsBF,MAAM,CAAC,EAAE,GAAG,EAAE,EAAE,EAAE;;;YArBjB,IAAI,QAAC,KAAK;;YAAV,IAAI,CACD,QAAQ,CAAC,EAAE;YADd,IAAI,CAED,SAAS,CAAC,SAAS;YAFtB,IAAI,CAGD,UAAU,CAAC,UAAU,CAAC,MAAM;;QAH/B,IAAI;;YAKJ,OAAO;YACP,SAAS,QAAC,EAAC,WAAW,EAAC,SAAS,EAAC,IAAI,EAAC,IAAI,CAAC,OAAO,EAAC;;YADnD,OAAO;YACP,SAAS,CACN,QAAQ,CAAC,MAAM;YAFlB,OAAO;YACP,SAAS,CAEN,SAAS,CAAC,SAAS;YAHtB,OAAO;YACP,SAAS,CAGN,UAAU,CAAC,UAAU,CAAC,MAAM;YAJ/B,OAAO;YACP,SAAS,CAIN,YAAY,CAAC,CAAC;YALjB,OAAO;YACP,SAAS,CAKN,KAAK,CAAC,KAAK;YANd,OAAO;YACP,SAAS,CAMN,QAAQ,CAAC,CAAC,KAAK,EAAC,MAAM,EAAC,EAAE;gBACxB,IAAI,CAAC,OAAO,GAAG,KAAK,CAAA;YACtB,CAAC;YATH,OAAO;YACP,SAAS,CASN,eAAe,CAAC,QAAQ;YAV3B,OAAO;YACP,SAAS,CAUN,YAAY,CAAC,EAAE;YAXlB,OAAO;YACP,SAAS,CAWN,OAAO,CAAC,GAAG;;QAlBhB,GAAG;;YAyBH,GAAG,QAAC,EAAE,KAAK,EAAE,EAAE,EAAE;;YAAjB,GAAG,CAqBF,KAAK,CAAC,KAAK;YArBZ,GAAG,CAsBF,MAAM,CAAC,EAAE;YAtBV,GAAG,CAuBF,MAAM,CAAC,EAAE,GAAG,EAAE,EAAE,EAAE;;;YAtBjB,IAAI,QAAC,KAAK;;YAAV,IAAI,CACD,QAAQ,CAAC,EAAE;YADd,IAAI,CAED,SAAS,CAAC,SAAS;YAFtB,IAAI,CAGD,UAAU,CAAC,UAAU,CAAC,MAAM;;QAH/B,IAAI;;YAKJ,SAAS,QAAC,EAAC,WAAW,EAAC,SAAS,EAAC,IAAI,EAAC,IAAI,CAAC,QAAQ,EAAC;;YAApD,SAAS,CACN,QAAQ,CAAC,EAAE;YADd,SAAS,CAEN,SAAS,CAAC,KAAK,CAAC,KAAK;YAFxB,SAAS,CAGN,UAAU,CAAC,UAAU,CAAC,MAAM;YAH/B,SAAS,CAIN,IAAI,CAAC,SAAS,CAAC,QAAQ;YAJ1B,SAAS,CAKN,YAAY,CAAC,CAAC;YALjB,SAAS,CAMN,KAAK,CAAC,KAAK;YANd,SAAS,CAON,QAAQ,CAAC,CAAC,KAAK,EAAC,MAAM,EAAC,EAAE;gBACxB,IAAI,CAAC,QAAQ,GAAG,KAAK,CAAA;YACvB,CAAC;YATH,SAAS,CAUN,eAAe,CAAC,QAAQ;YAV3B,SAAS,CAWN,YAAY,CAAC,EAAE;YAXlB,SAAS,CAYN,OAAO,CAAC,GAAG;;QAlBhB,GAAG;;YA2BH,GAAG;;;;YAED,MAAM,iBAAC,IAAI;;YAAX,MAAM,CACH,QAAQ,CAAC,EAAE;YADd,MAAM,CAEH,SAAS,CAAC,KAAK,CAAC,KAAK;YAFxB,MAAM,CAGH,UAAU,CAAC,UAAU,CAAC,MAAM;YAH/B,MAAM,CAIH,IAAI,CAAC,UAAU,CAAC,MAAM;YAJzB,MAAM,CAKH,YAAY,CAAC,CAAC;YALjB,MAAM,CAMH,MAAM,CAAC,EAAC,IAAI,EAAC,KAAK,EAAC,GAAG,EAAC,EAAE,EAAC;YAN7B,MAAM,CAOH,OAAO,CAAC,GAAE,EAAE;gBACX,IAAG,IAAI,CAAC,OAAO,IAAE,EAAE,EACnB;oBACE,IAAI,CAAC,UAAU,CAAC,QAAQ,CAAC,CAAC;iBAC3B;qBACI,IAAG,IAAI,CAAC,QAAQ,IAAE,EAAE,EACzB;oBACE,IAAI,CAAC,UAAU,CAAC,QAAQ,CAAC,CAAA;iBAC1B;gBACD,MAAM;qBACD,IAAI,IAAI,CAAC,OAAO,IAAE,WAAW,IAAI,IAAI,CAAC,QAAQ,IAAE,QAAQ,EAC7D;oBACE,MAAM,CAAC,IAAI,CAAC;wBACV,GAAG,EAAE,gBAAgB,CAAG,eAAe;qBACxC,CAAC,CAAA;iBACH;qBAED;oBACE,IAAI,CAAC,UAAU,CAAC,WAAW,CAAC,CAAA;iBAC7B;YACH,CAAC;;QA3BH,MAAM;;YA6BN,MAAM,iBAAC,IAAI;;YAAX,MAAM,CACH,QAAQ,CAAC,EAAE;YADd,MAAM,CAEH,SAAS,CAAC,KAAK,CAAC,KAAK;YAFxB,MAAM,CAGH,UAAU,CAAC,UAAU,CAAC,MAAM;YAH/B,MAAM,CAIH,IAAI,CAAC,UAAU,CAAC,MAAM;YAJzB,MAAM,CAKH,YAAY,CAAC,CAAC;YALjB,MAAM,CAMH,MAAM,CAAC,EAAC,IAAI,EAAC,KAAK,EAAC,KAAK,EAAC,KAAK,EAAC,GAAG,EAAC,EAAE,EAAC;YANzC,MAAM,CAOH,OAAO,CAAC,GAAE,EAAE;gBACX,IAAI,CAAC,OAAO,GAAG,EAAE,CAAC;gBAClB,IAAI,CAAC,QAAQ,GAAG,EAAE,CAAC;YACrB,CAAC;;QAVH,MAAM;QA/BR,GAAG;QA/EL,MAAM;KA2IP;IACD,OAAO,CAAC,UAAU,CAAC,GAAG,EAAC,MAAM;QAC3B,YAAY,CAAC,UAAU,CAAC;YACtB,KAAK,EAAE,IAAI;YACX,OAAO,EAAE,GAAG;YACZ,OAAO,EAAE;gBACP;oBACE,IAAI,EAAE,IAAI;oBACV,KAAK,EAAE,SAAS;iBACjB;aACF;SACF,EAAE,CAAC,KAAK,EAAE,KAAK,EAAE,EAAE;YAClB,+DAA+D;YAC/D,2BAA2B;YAC3B,iBAAiB;YACjB,KAAK;QACP,CAAC,CAAC,CAAA;IACJ,CAAC",
    "entry-package-info": "entry|1.0.0"
  },
  "entry|entry|1.0.0|src/main/ets/pages/MainPage.ts": {
    "version": 3,
    "file": "MainPage.ets",
    "sourceRoot": "",
    "sources": [
      "entry/src/main/ets/pages/MainPage.ets"
    ],
    "names": [],
    "mappings": ";;;;;OAAO,MAAM;AACb,MAAM,YAAY;IAChB,IAAI,EAAE,MAAM,GAAG,EAAE,CAAA;IACjB,YAAY,GAAG,EAAC,MAAM;QACpB,IAAI,CAAC,IAAI,GAAC,GAAG,CAAA;IACf,CAAC;CACF;MAIM,QAAQ;IAFf;;;;;;;KAFC;;;;;;;;;;;IAMC;;YACE,MAAM;;YAAN,MAAM,CA2gBL,MAAM,CAAC,MAAM;YA3gBd,MAAM,CA4gBL,KAAK,CAAC,MAAM;YA5gBb,MAAM,CA6gBL,UAAU,CAAC,eAAe,CAAC,QAAQ;YA7gBpC,MAAM,CA8gBL,cAAc,CAAC,UAAU;YA9gB1B,MAAM,CA+gBL,cAAc,CAAC,CAAC;YA/gBjB,MAAM,CAghBL,SAAS,CAAC,QAAQ,CAAC,EAAE;YAhhBtB,MAAM,CAkhBL,eAAe;YAlhBhB,MAAM,CAmhBL,mBAAmB,CAAC,CAAC;;;YAlhBpB,MAAM,QAAC,EAAC,KAAK,EAAC,EAAE,EAAC;;;;YACf,KAAK;YACL,MAAM,iBAAC,KAAK;;YADZ,KAAK;YACL,MAAM,CACH,QAAQ,CAAC,EAAE;YAFd,KAAK;YACL,MAAM,CAEH,SAAS,CAAC,KAAK,CAAC,KAAK;YAHxB,KAAK;YACL,MAAM,CAGH,UAAU,CAAC,UAAU,CAAC,MAAM;YAJ/B,KAAK;YACL,MAAM,CAIH,eAAe,CAAC,QAAQ;YAL3B,KAAK;YACL,MAAM,CAKH,OAAO,CAAC,GAAG;YANd,KAAK;YACL,MAAM,CAMH,IAAI,CAAC,UAAU,CAAC,MAAM;YAPzB,KAAK;YACL,MAAM,CAOH,YAAY,CAAC,CAAC;YARjB,KAAK;YACL,MAAM,CAQH,WAAW,CAAC,CAAC;YAThB,KAAK;YACL,MAAM,CASH,WAAW,CAAC,QAAQ;YAVvB,KAAK;YACL,MAAM,CAUH,KAAK,CAAC,KAAK;YAXd,KAAK;YACL,MAAM,CAWH,MAAM,CAAC,EAAE;YAZZ,KAAK;YACL,MAAM,CAYH,MAAM,CAAC,EAAC,GAAG,EAAC,EAAE,EAAC;YAblB,KAAK;YACL,MAAM,CAaH,OAAO,CAAC,GAAE,EAAE;gBACX,MAAM,CAAC,IAAI,CAAC;oBACV,GAAG,EAAE,aAAa,CAAE,gBAAgB;iBACrC,CAAC,CAAA;YACJ,CAAC;;QAlBH,KAAK;QACL,MAAM;;YAmBN,KAAK;YACL,MAAM,iBAAC,QAAQ;;YADf,KAAK;YACL,MAAM,CACH,QAAQ,CAAC,EAAE;YAFd,KAAK;YACL,MAAM,CAEH,SAAS,CAAC,KAAK,CAAC,KAAK;YAHxB,KAAK;YACL,MAAM,CAGH,UAAU,CAAC,UAAU,CAAC,MAAM;YAJ/B,KAAK;YACL,MAAM,CAIH,eAAe,CAAC,QAAQ;YAL3B,KAAK;YACL,MAAM,CAKH,OAAO,CAAC,GAAG;YANd,KAAK;YACL,MAAM,CAMH,IAAI,CAAC,UAAU,CAAC,MAAM;YAPzB,KAAK;YACL,MAAM,CAOH,YAAY,CAAC,CAAC;YARjB,KAAK;YACL,MAAM,CAQH,KAAK,CAAC,KAAK;YATd,KAAK;YACL,MAAM,CASH,MAAM,CAAC,EAAE;YAVZ,KAAK;YACL,MAAM,CAUH,MAAM,CAAC,EAAC,GAAG,EAAC,CAAC,EAAC;YAXjB,KAAK;YACL,MAAM,CAWH,OAAO,CAAC,GAAE,EAAE;gBACX,MAAM,CAAC,IAAI,CAAC,EAAC,GAAG,EAAC,iBAAiB,EAAC,MAAM,EAAC,EAAC,MAAM,EAAC,MAAM,EAAC,EAAC,CAAC,CAAC;YAC9D,CAAC;;QAdH,KAAK;QACL,MAAM;;YAeN,cAAc;YACd,6BAA6B;YAC7B,kBAAkB;YAClB,qBAAqB;YACrB,iCAAiC;YACjC,eAAe;YACf,gBAAgB;YAEhB,KAAK;YACL,MAAM;;YATN,cAAc;YACd,6BAA6B;YAC7B,kBAAkB;YAClB,qBAAqB;YACrB,iCAAiC;YACjC,eAAe;YACf,gBAAgB;YAEhB,KAAK;YACL,MAAM,CAML,IAAI,CAAC,UAAU,CAAC,MAAM;YAfvB,cAAc;YACd,6BAA6B;YAC7B,kBAAkB;YAClB,qBAAqB;YACrB,iCAAiC;YACjC,eAAe;YACf,gBAAgB;YAEhB,KAAK;YACL,MAAM,CAOL,YAAY,CAAC,CAAC;YAhBf,cAAc;YACd,6BAA6B;YAC7B,kBAAkB;YAClB,qBAAqB;YACrB,iCAAiC;YACjC,eAAe;YACf,gBAAgB;YAEhB,KAAK;YACL,MAAM,CAQL,eAAe,CAAC,QAAQ;YAjBzB,cAAc;YACd,6BAA6B;YAC7B,kBAAkB;YAClB,qBAAqB;YACrB,iCAAiC;YACjC,eAAe;YACf,gBAAgB;YAEhB,KAAK;YACL,MAAM,CASL,OAAO,CAAC,GAAG;YAlBZ,cAAc;YACd,6BAA6B;YAC7B,kBAAkB;YAClB,qBAAqB;YACrB,iCAAiC;YACjC,eAAe;YACf,gBAAgB;YAEhB,KAAK;YACL,MAAM,CAUL,KAAK,CAAC,KAAK;YAnBZ,cAAc;YACd,6BAA6B;YAC7B,kBAAkB;YAClB,qBAAqB;YACrB,iCAAiC;YACjC,eAAe;YACf,gBAAgB;YAEhB,KAAK;YACL,MAAM,CAWL,MAAM,CAAC,EAAC,GAAG,EAAC,CAAC,EAAC;YApBf,cAAc;YACd,6BAA6B;YAC7B,kBAAkB;YAClB,qBAAqB;YACrB,iCAAiC;YACjC,eAAe;YACf,gBAAgB;YAEhB,KAAK;YACL,MAAM,CAYL,MAAM,CAAC,EAAE;YArBV,cAAc;YACd,6BAA6B;YAC7B,kBAAkB;YAClB,qBAAqB;YACrB,iCAAiC;YACjC,eAAe;YACf,gBAAgB;YAEhB,KAAK;YACL,MAAM,CAaL,OAAO,CAAC,GAAE,EAAE;gBACX,MAAM,CAAC,IAAI,CAAC;oBACV,GAAG,EAAC,oBAAoB;iBACzB,CAAC,CAAA;YACJ,CAAC;;;YAhBC,IAAI,QAAC,KAAK;;YAAV,IAAI,CACD,QAAQ,CAAC,EAAE;YADd,IAAI,CAED,SAAS,CAAC,SAAS;YAFtB,IAAI,CAGD,UAAU,CAAC,UAAU,CAAC,MAAM;;QAH/B,IAAI;QAVN,cAAc;QACd,6BAA6B;QAC7B,kBAAkB;QAClB,qBAAqB;QACrB,iCAAiC;QACjC,eAAe;QACf,gBAAgB;QAEhB,KAAK;QACL,MAAM;;YAoBN,KAAK;YACL,MAAM;;YADN,KAAK;YACL,MAAM,CAML,eAAe,CAAC,SAAS;YAP1B,KAAK;YACL,MAAM,CAOL,OAAO,CAAC,GAAG;YARZ,KAAK;YACL,MAAM,CAQL,KAAK,CAAC,EAAE;YATT,KAAK;YACL,MAAM,CASL,MAAM,CAAC,EAAE;YAVV,KAAK;YACL,MAAM,CAUL,OAAO,CAAC,GAAE,EAAE;gBACX,MAAM,CAAC,IAAI,CAAC;oBACV,GAAG,EAAC,eAAe;iBACpB,CAAC,CAAA;YACJ,CAAC;;;YAbC,KAAK;;YAAL,KAAK,CACF,KAAK,CAAC,EAAE;YADX,KAAK,CAEF,MAAM,CAAC,EAAE;YAFZ,KAAK,CAGF,YAAY,CAAC,GAAG;;QALrB,KAAK;QACL,MAAM;;YAgBN,KAAK;YACL,MAAM,iBAAC,MAAM;;YADb,KAAK;YACL,MAAM,CACH,IAAI,CAAC,UAAU,CAAC,MAAM;YAFzB,KAAK;YACL,MAAM,CAEH,YAAY,CAAC,CAAC;YAHjB,KAAK;YACL,MAAM,CAGH,WAAW,CAAC,QAAQ;YAJvB,KAAK;YACL,MAAM,CAIH,WAAW,CAAC,CAAC;YALhB,KAAK;YACL,MAAM,CAKH,eAAe,CAAC,QAAQ;YAN3B,KAAK;YACL,MAAM,CAMH,OAAO,CAAC,GAAG;YAPd,KAAK;YACL,MAAM,CAOH,QAAQ,CAAC,EAAE;YARd,KAAK;YACL,MAAM,CAQH,SAAS,CAAC,QAAQ;YATrB,KAAK;YACL,MAAM,CASH,UAAU,CAAC,UAAU,CAAC,MAAM;YAV/B,KAAK;YACL,MAAM,CAUH,MAAM,CAAC,EAAC,GAAG,EAAC,CAAC,EAAC;YAXjB,KAAK;YACL,MAAM,CAWH,KAAK,CAAC,KAAK;YAZd,KAAK;YACL,MAAM,CAYH,MAAM,CAAC,EAAE;YAbZ,KAAK;YACL,MAAM,CAaH,OAAO,CAAC,GAAE,EAAE;gBACX,MAAM,CAAC,IAAI,CAAC;oBACV,GAAG,EAAE,iBAAiB,CAAE,gBAAgB;iBACzC,CAAC,CAAA;YACJ,CAAC;;QAlBH,KAAK;QACL,MAAM;;YAmBN,KAAK;YACL,MAAM;;YADN,KAAK;YACL,MAAM,CAML,IAAI,CAAC,UAAU,CAAC,MAAM;YAPvB,KAAK;YACL,MAAM,CAOL,YAAY,CAAC,CAAC;YARf,KAAK;YACL,MAAM,CAQL,eAAe,CAAC,QAAQ;YATzB,KAAK;YACL,MAAM,CASL,OAAO,CAAC,GAAG;YAVZ,KAAK;YACL,MAAM,CAUL,KAAK,CAAC,KAAK;YAXZ,KAAK;YACL,MAAM,CAWL,MAAM,CAAC,EAAC,GAAG,EAAC,CAAC,EAAC;YAZf,KAAK;YACL,MAAM,CAYL,MAAM,CAAC,EAAE;YAbV,KAAK;YACL,MAAM,CAaL,OAAO,CAAC,GAAE,EAAE;gBACX,MAAM,CAAC,IAAI,CAAC;oBACV,GAAG,EAAC,iBAAiB;iBACtB,CAAC,CAAA;YACJ,CAAC;;;YAhBC,IAAI,QAAC,MAAM;;YAAX,IAAI,CACD,QAAQ,CAAC,EAAE;YADd,IAAI,CAED,SAAS,CAAC,SAAS;YAFtB,IAAI,CAGD,UAAU,CAAC,UAAU,CAAC,MAAM;;QAH/B,IAAI;QAFN,KAAK;QACL,MAAM;;YAmBN,KAAK;YACL,MAAM;;YADN,KAAK;YACL,MAAM,CAML,IAAI,CAAC,UAAU,CAAC,MAAM;YAPvB,KAAK;YACL,MAAM,CAOL,YAAY,CAAC,CAAC;YARf,KAAK;YACL,MAAM,CAQL,eAAe,CAAC,QAAQ;YATzB,KAAK;YACL,MAAM,CASL,OAAO,CAAC,GAAG;YAVZ,KAAK;YACL,MAAM,CAUL,KAAK,CAAC,KAAK;YAXZ,KAAK;YACL,MAAM,CAWL,MAAM,CAAC,EAAC,GAAG,EAAC,CAAC,EAAC;YAZf,KAAK;YACL,MAAM,CAYL,MAAM,CAAC,EAAE;YAbV,KAAK;YACL,MAAM,CAaL,OAAO,CAAC,GAAE,EAAE;gBACX,MAAM,CAAC,IAAI,CAAC;oBACV,GAAG,EAAC,mBAAmB;iBACxB,CAAC,CAAA;YACJ,CAAC;;;YAhBC,IAAI,QAAC,MAAM;;YAAX,IAAI,CACD,QAAQ,CAAC,EAAE;YADd,IAAI,CAED,SAAS,CAAC,SAAS;YAFtB,IAAI,CAGD,UAAU,CAAC,UAAU,CAAC,MAAM;;QAH/B,IAAI;QAFN,KAAK;QACL,MAAM;;YAmBN,KAAK;YACL,MAAM;;YADN,KAAK;YACL,MAAM,CAML,IAAI,CAAC,UAAU,CAAC,MAAM;YAPvB,KAAK;YACL,MAAM,CAOL,YAAY,CAAC,CAAC;YARf,KAAK;YACL,MAAM,CAQL,eAAe,CAAC,QAAQ;YATzB,KAAK;YACL,MAAM,CASL,OAAO,CAAC,GAAG;YAVZ,KAAK;YACL,MAAM,CAUL,KAAK,CAAC,KAAK;YAXZ,KAAK;YACL,MAAM,CAWL,MAAM,CAAC,EAAC,GAAG,EAAC,CAAC,EAAC;YAZf,KAAK;YACL,MAAM,CAYL,MAAM,CAAC,EAAE;YAbV,KAAK;YACL,MAAM,CAaL,OAAO,CAAC,GAAE,EAAE;gBACX,MAAM,CAAC,IAAI,CAAC;oBACV,GAAG,EAAC,gBAAgB;iBACrB,CAAC,CAAA;YACJ,CAAC;;;YAhBC,IAAI,QAAC,MAAM;;YAAX,IAAI,CACD,QAAQ,CAAC,EAAE;YADd,IAAI,CAED,SAAS,CAAC,SAAS;YAFtB,IAAI,CAGD,UAAU,CAAC,UAAU,CAAC,MAAM;;QAH/B,IAAI;QAFN,KAAK;QACL,MAAM;;YAmBN,KAAK;YACL,MAAM;;YADN,KAAK;YACL,MAAM,CAML,IAAI,CAAC,UAAU,CAAC,MAAM;YAPvB,KAAK;YACL,MAAM,CAOL,YAAY,CAAC,CAAC;YARf,KAAK;YACL,MAAM,CAQL,eAAe,CAAC,QAAQ;YATzB,KAAK;YACL,MAAM,CASL,OAAO,CAAC,GAAG;YAVZ,KAAK;YACL,MAAM,CAUL,KAAK,CAAC,KAAK;YAXZ,KAAK;YACL,MAAM,CAWL,MAAM,CAAC,EAAE,GAAG,EAAE,CAAC,EAAE;YAZlB,KAAK;YACL,MAAM,CAYL,MAAM,CAAC,EAAE;YAbV,KAAK;YACL,MAAM,CAaL,OAAO,CAAC,GAAG,EAAE;gBACZ,MAAM,CAAC,IAAI,CAAC;oBACV,eAAe;oBACf,GAAG,EAAE,kBAAkB;iBACxB,CAAC,CAAA;YACJ,CAAC;;;YAjBC,IAAI,QAAC,KAAK;;YAAV,IAAI,CACD,QAAQ,CAAC,EAAE;YADd,IAAI,CAED,SAAS,CAAC,SAAS;YAFtB,IAAI,CAGD,UAAU,CAAC,UAAU,CAAC,MAAM;;QAH/B,IAAI;QAFN,KAAK;QACL,MAAM;;YAoBN,MAAM;YACN,MAAM;;YADN,MAAM;YACN,MAAM,CAML,IAAI,CAAC,UAAU,CAAC,MAAM;YAPvB,MAAM;YACN,MAAM,CAOL,YAAY,CAAC,CAAC;YARf,MAAM;YACN,MAAM,CAQL,eAAe,CAAC,QAAQ;YATzB,MAAM;YACN,MAAM,CASL,OAAO,CAAC,GAAG;YAVZ,MAAM;YACN,MAAM,CAUL,KAAK,CAAC,KAAK;YAXZ,MAAM;YACN,MAAM,CAWL,MAAM,CAAC,EAAE,GAAG,EAAE,CAAC,EAAE;YAZlB,MAAM;YACN,MAAM,CAYL,MAAM,CAAC,EAAE;YAbV,MAAM;YACN,MAAM,CAaL,OAAO,CAAC,GAAG,EAAE;gBACZ,MAAM,CAAC,IAAI,CAAC;oBACV,eAAe;oBACf,GAAG,EAAE,kBAAkB;iBACxB,CAAC,CAAA;YACJ,CAAC;;;YAjBC,IAAI,QAAC,KAAK;;YAAV,IAAI,CACD,QAAQ,CAAC,EAAE;YADd,IAAI,CAED,SAAS,CAAC,SAAS;YAFtB,IAAI,CAGD,UAAU,CAAC,UAAU,CAAC,MAAM;;QAH/B,IAAI;QAFN,MAAM;QACN,MAAM;;YAoBN,MAAM;YACN,MAAM;;YADN,MAAM;YACN,MAAM,CAML,IAAI,CAAC,UAAU,CAAC,MAAM;YAPvB,MAAM;YACN,MAAM,CAOL,YAAY,CAAC,CAAC;YARf,MAAM;YACN,MAAM,CAQL,eAAe,CAAC,QAAQ;YATzB,MAAM;YACN,MAAM,CASL,OAAO,CAAC,GAAG;YAVZ,MAAM;YACN,MAAM,CAUL,KAAK,CAAC,KAAK;YAXZ,MAAM;YACN,MAAM,CAWL,MAAM,CAAC,EAAE,GAAG,EAAE,CAAC,EAAE;YAZlB,MAAM;YACN,MAAM,CAYL,MAAM,CAAC,EAAE;YAbV,MAAM;YACN,MAAM,CAaL,OAAO,CAAC,GAAG,EAAE;gBACZ,MAAM,CAAC,IAAI,CAAC;oBACV,eAAe;oBACf,GAAG,EAAE,kBAAkB;iBACxB,CAAC,CAAA;YACJ,CAAC;;;YAjBC,IAAI,QAAC,MAAM;;YAAX,IAAI,CACD,QAAQ,CAAC,EAAE;YADd,IAAI,CAED,SAAS,CAAC,SAAS;YAFtB,IAAI,CAGD,UAAU,CAAC,UAAU,CAAC,MAAM;;QAH/B,IAAI;QAFN,MAAM;QACN,MAAM;;YAoBN,MAAM;YACN,MAAM;;YADN,MAAM;YACN,MAAM,CAML,IAAI,CAAC,UAAU,CAAC,MAAM;YAPvB,MAAM;YACN,MAAM,CAOL,YAAY,CAAC,CAAC;YARf,MAAM;YACN,MAAM,CAQL,eAAe,CAAC,QAAQ;YATzB,MAAM;YACN,MAAM,CASL,OAAO,CAAC,GAAG;YAVZ,MAAM;YACN,MAAM,CAUL,KAAK,CAAC,KAAK;YAXZ,MAAM;YACN,MAAM,CAWL,MAAM,CAAC,EAAC,GAAG,EAAC,CAAC,EAAC;YAZf,MAAM;YACN,MAAM,CAYL,MAAM,CAAC,EAAE;YAbV,MAAM;YACN,MAAM,CAaL,OAAO,CAAC,GAAE,EAAE;gBACX,MAAM,CAAC,IAAI,CAAC;oBACV,GAAG,EAAC,kBAAkB;iBACvB,CAAC,CAAA;YACJ,CAAC;;;YAhBC,IAAI,QAAC,OAAO;;YAAZ,IAAI,CACD,QAAQ,CAAC,EAAE;YADd,IAAI,CAED,SAAS,CAAC,SAAS;YAFtB,IAAI,CAGD,UAAU,CAAC,UAAU,CAAC,MAAM;;QAH/B,IAAI;QAFN,MAAM;QACN,MAAM;;YAmBN,MAAM;YACN,MAAM;;YADN,MAAM;YACN,MAAM,CAML,IAAI,CAAC,UAAU,CAAC,MAAM;YAPvB,MAAM;YACN,MAAM,CAOL,YAAY,CAAC,CAAC;YARf,MAAM;YACN,MAAM,CAQL,eAAe,CAAC,QAAQ;YATzB,MAAM;YACN,MAAM,CASL,OAAO,CAAC,GAAG;YAVZ,MAAM;YACN,MAAM,CAUL,KAAK,CAAC,KAAK;YAXZ,MAAM;YACN,MAAM,CAWL,MAAM,CAAC,EAAE,GAAG,EAAE,CAAC,EAAE;YAZlB,MAAM;YACN,MAAM,CAYL,MAAM,CAAC,EAAE;YAbV,MAAM;YACN,MAAM,CAaL,OAAO,CAAC,GAAG,EAAE;gBACZ,MAAM,CAAC,IAAI,CAAC;oBACV,eAAe;oBACf,GAAG,EAAE,gBAAgB;iBACtB,CAAC,CAAA;YACJ,CAAC;;;YAjBC,IAAI,QAAC,MAAM;;YAAX,IAAI,CACD,QAAQ,CAAC,EAAE;YADd,IAAI,CAED,SAAS,CAAC,SAAS;YAFtB,IAAI,CAGD,UAAU,CAAC,UAAU,CAAC,MAAM;;QAH/B,IAAI;QAFN,MAAM;QACN,MAAM;;YAoBN,MAAM;YACN,MAAM;;YADN,MAAM;YACN,MAAM,CAML,IAAI,CAAC,UAAU,CAAC,MAAM;YAPvB,MAAM;YACN,MAAM,CAOL,YAAY,CAAC,CAAC;YARf,MAAM;YACN,MAAM,CAQL,eAAe,CAAC,QAAQ;YATzB,MAAM;YACN,MAAM,CASL,OAAO,CAAC,GAAG;YAVZ,MAAM;YACN,MAAM,CAUL,KAAK,CAAC,KAAK;YAXZ,MAAM;YACN,MAAM,CAWL,MAAM,CAAC,EAAE,GAAG,EAAE,CAAC,EAAE;YAZlB,MAAM;YACN,MAAM,CAYL,MAAM,CAAC,EAAE;YAbV,MAAM;YACN,MAAM,CAaL,OAAO,CAAC,GAAG,EAAE;gBACZ,MAAM,CAAC,IAAI,CAAC;oBACV,eAAe;oBACf,GAAG,EAAE,oBAAoB;iBAC1B,CAAC,CAAA;YACJ,CAAC;;;YAjBC,IAAI,QAAC,MAAM;;YAAX,IAAI,CACD,QAAQ,CAAC,EAAE;YADd,IAAI,CAED,SAAS,CAAC,SAAS;YAFtB,IAAI,CAGD,UAAU,CAAC,UAAU,CAAC,MAAM;;QAH/B,IAAI;QAFN,MAAM;QACN,MAAM;;YAoBN,MAAM;YACN,MAAM;;YADN,MAAM;YACN,MAAM,CAML,IAAI,CAAC,UAAU,CAAC,MAAM;YAPvB,MAAM;YACN,MAAM,CAOL,YAAY,CAAC,CAAC;YARf,MAAM;YACN,MAAM,CAQL,eAAe,CAAC,QAAQ;YATzB,MAAM;YACN,MAAM,CASL,OAAO,CAAC,GAAG;YAVZ,MAAM;YACN,MAAM,CAUL,KAAK,CAAC,KAAK;YAXZ,MAAM;YACN,MAAM,CAWL,MAAM,CAAC,EAAE,GAAG,EAAE,CAAC,EAAE;YAZlB,MAAM;YACN,MAAM,CAYL,MAAM,CAAC,EAAE;YAbV,MAAM;YACN,MAAM,CAaL,OAAO,CAAC,GAAG,EAAE;gBACZ,MAAM,CAAC,IAAI,CAAC;oBACV,eAAe;oBACf,GAAG,EAAE,kBAAkB;iBACxB,CAAC,CAAA;YACJ,CAAC;;;YAjBC,IAAI,QAAC,MAAM;;YAAX,IAAI,CACD,QAAQ,CAAC,EAAE;YADd,IAAI,CAED,SAAS,CAAC,SAAS;YAFtB,IAAI,CAGD,UAAU,CAAC,UAAU,CAAC,MAAM;;QAH/B,IAAI;QAFN,MAAM;QACN,MAAM;;YAoBN,MAAM;YACN,MAAM;;YADN,MAAM;YACN,MAAM,CAML,IAAI,CAAC,UAAU,CAAC,MAAM;YAPvB,MAAM;YACN,MAAM,CAOL,YAAY,CAAC,CAAC;YARf,MAAM;YACN,MAAM,CAQL,eAAe,CAAC,QAAQ;YATzB,MAAM;YACN,MAAM,CASL,OAAO,CAAC,GAAG;YAVZ,MAAM;YACN,MAAM,CAUL,KAAK,CAAC,KAAK;YAXZ,MAAM;YACN,MAAM,CAWL,MAAM,CAAC,EAAE,GAAG,EAAE,CAAC,EAAE;YAZlB,MAAM;YACN,MAAM,CAYL,MAAM,CAAC,EAAE;YAbV,MAAM;YACN,MAAM,CAaL,OAAO,CAAC,GAAG,EAAE;gBACZ,MAAM,CAAC,IAAI,CAAC;oBACV,eAAe;oBACf,GAAG,EAAE,mBAAmB;iBACzB,CAAC,CAAA;YACJ,CAAC;;;YAjBC,IAAI,QAAC,KAAK;;YAAV,IAAI,CACD,QAAQ,CAAC,EAAE;YADd,IAAI,CAED,SAAS,CAAC,SAAS;YAFtB,IAAI,CAGD,UAAU,CAAC,UAAU,CAAC,MAAM;;QAH/B,IAAI;QAFN,MAAM;QACN,MAAM;;YAoBN,MAAM;YACN,MAAM;;YADN,MAAM;YACN,MAAM,CAML,IAAI,CAAC,UAAU,CAAC,MAAM;YAPvB,MAAM;YACN,MAAM,CAOL,YAAY,CAAC,CAAC;YARf,MAAM;YACN,MAAM,CAQL,eAAe,CAAC,QAAQ;YATzB,MAAM;YACN,MAAM,CASL,OAAO,CAAC,GAAG;YAVZ,MAAM;YACN,MAAM,CAUL,KAAK,CAAC,KAAK;YAXZ,MAAM;YACN,MAAM,CAWL,MAAM,CAAC,EAAE,GAAG,EAAE,CAAC,EAAE;YAZlB,MAAM;YACN,MAAM,CAYL,MAAM,CAAC,EAAE;YAbV,MAAM;YACN,MAAM,CAaL,OAAO,CAAC,GAAG,EAAE;gBACZ,MAAM,CAAC,IAAI,CAAC;oBACV,eAAe;oBACf,GAAG,EAAE,kBAAkB;iBACxB,CAAC,CAAA;YACJ,CAAC;;;YAjBC,IAAI,QAAC,KAAK;;YAAV,IAAI,CACD,QAAQ,CAAC,EAAE;YADd,IAAI,CAED,SAAS,CAAC,SAAS;YAFtB,IAAI,CAGD,UAAU,CAAC,UAAU,CAAC,MAAM;;QAH/B,IAAI;QAFN,MAAM;QACN,MAAM;;YAoBN,MAAM;YACN,MAAM;;YADN,MAAM;YACN,MAAM,CAML,IAAI,CAAC,UAAU,CAAC,MAAM;YAPvB,MAAM;YACN,MAAM,CAOL,YAAY,CAAC,CAAC;YARf,MAAM;YACN,MAAM,CAQL,eAAe,CAAC,QAAQ;YATzB,MAAM;YACN,MAAM,CASL,OAAO,CAAC,GAAG;YAVZ,MAAM;YACN,MAAM,CAUL,KAAK,CAAC,KAAK;YAXZ,MAAM;YACN,MAAM,CAWL,MAAM,CAAC,EAAE,GAAG,EAAE,CAAC,EAAE;YAZlB,MAAM;YACN,MAAM,CAYL,MAAM,CAAC,EAAE;YAbV,MAAM;YACN,MAAM,CAaL,OAAO,CAAC,GAAG,EAAE;gBACZ,MAAM,CAAC,IAAI,CAAC;oBACV,eAAe;oBACf,GAAG,EAAE,gBAAgB;iBACtB,CAAC,CAAA;YACJ,CAAC;;;YAjBC,IAAI,QAAC,IAAI;;YAAT,IAAI,CACD,QAAQ,CAAC,EAAE;YADd,IAAI,CAED,SAAS,CAAC,SAAS;YAFtB,IAAI,CAGD,UAAU,CAAC,UAAU,CAAC,MAAM;;QAH/B,IAAI;QAFN,MAAM;QACN,MAAM;;YAoBN,MAAM;YACN,MAAM;;YADN,MAAM;YACN,MAAM,CAML,IAAI,CAAC,UAAU,CAAC,MAAM;YAPvB,MAAM;YACN,MAAM,CAOL,YAAY,CAAC,CAAC;YARf,MAAM;YACN,MAAM,CAQL,eAAe,CAAC,QAAQ;YATzB,MAAM;YACN,MAAM,CASL,OAAO,CAAC,GAAG;YAVZ,MAAM;YACN,MAAM,CAUL,KAAK,CAAC,KAAK;YAXZ,MAAM;YACN,MAAM,CAWL,MAAM,CAAC,EAAE,GAAG,EAAE,CAAC,EAAE;YAZlB,MAAM;YACN,MAAM,CAYL,MAAM,CAAC,EAAE;YAbV,MAAM;YACN,MAAM,CAaL,OAAO,CAAC,GAAG,EAAE;gBACZ,MAAM,CAAC,IAAI,CAAC;oBACV,eAAe;oBACf,GAAG,EAAE,kBAAkB;iBACxB,CAAC,CAAA;YACJ,CAAC;;;YAjBC,IAAI,QAAC,KAAK;;YAAV,IAAI,CACD,QAAQ,CAAC,EAAE;YADd,IAAI,CAED,SAAS,CAAC,SAAS;YAFtB,IAAI,CAGD,UAAU,CAAC,UAAU,CAAC,MAAM;;QAH/B,IAAI;QAFN,MAAM;QACN,MAAM;;YAoBN,MAAM;YACN,MAAM;;YADN,MAAM;YACN,MAAM,CAML,IAAI,CAAC,UAAU,CAAC,MAAM;YAPvB,MAAM;YACN,MAAM,CAOL,YAAY,CAAC,CAAC;YARf,MAAM;YACN,MAAM,CAQL,eAAe,CAAC,QAAQ;YATzB,MAAM;YACN,MAAM,CASL,OAAO,CAAC,GAAG;YAVZ,MAAM;YACN,MAAM,CAUL,KAAK,CAAC,KAAK;YAXZ,MAAM;YACN,MAAM,CAWL,MAAM,CAAC,EAAE,GAAG,EAAE,CAAC,EAAE;YAZlB,MAAM;YACN,MAAM,CAYL,MAAM,CAAC,EAAE;YAbV,MAAM;YACN,MAAM,CAaL,OAAO,CAAC,GAAG,EAAE;gBACZ,MAAM,CAAC,IAAI,CAAC;oBACV,eAAe;oBACf,GAAG,EAAE,mBAAmB;iBACzB,CAAC,CAAA;YACJ,CAAC;;;YAjBC,IAAI,QAAC,KAAK;;YAAV,IAAI,CACD,QAAQ,CAAC,EAAE;YADd,IAAI,CAED,SAAS,CAAC,SAAS;YAFtB,IAAI,CAGD,UAAU,CAAC,UAAU,CAAC,MAAM;;QAH/B,IAAI;QAFN,MAAM;QACN,MAAM;;YAoBN,MAAM;YACN,MAAM;;YADN,MAAM;YACN,MAAM,CAML,IAAI,CAAC,UAAU,CAAC,MAAM;YAPvB,MAAM;YACN,MAAM,CAOL,YAAY,CAAC,CAAC;YARf,MAAM;YACN,MAAM,CAQL,eAAe,CAAC,QAAQ;YATzB,MAAM;YACN,MAAM,CASL,OAAO,CAAC,GAAG;YAVZ,MAAM;YACN,MAAM,CAUL,KAAK,CAAC,KAAK;YAXZ,MAAM;YACN,MAAM,CAWL,MAAM,CAAC,EAAE,GAAG,EAAE,CAAC,EAAE;YAZlB,MAAM;YACN,MAAM,CAYL,MAAM,CAAC,EAAE;YAbV,MAAM;YACN,MAAM,CAaL,OAAO,CAAC,GAAG,EAAE;gBACZ,MAAM,CAAC,IAAI,CAAC;oBACV,eAAe;oBACf,GAAG,EAAE,iBAAiB;iBACvB,CAAC,CAAA;YACJ,CAAC;;;YAjBC,IAAI,QAAC,IAAI;;YAAT,IAAI,CACD,QAAQ,CAAC,EAAE;YADd,IAAI,CAED,SAAS,CAAC,SAAS;YAFtB,IAAI,CAGD,UAAU,CAAC,UAAU,CAAC,MAAM;;QAH/B,IAAI;QAFN,MAAM;QACN,MAAM;;YAoBN,MAAM;YACN,MAAM;;YADN,MAAM;YACN,MAAM,CAML,IAAI,CAAC,UAAU,CAAC,MAAM;YAPvB,MAAM;YACN,MAAM,CAOL,YAAY,CAAC,CAAC;YARf,MAAM;YACN,MAAM,CAQL,eAAe,CAAC,QAAQ;YATzB,MAAM;YACN,MAAM,CASL,OAAO,CAAC,GAAG;YAVZ,MAAM;YACN,MAAM,CAUL,KAAK,CAAC,KAAK;YAXZ,MAAM;YACN,MAAM,CAWL,MAAM,CAAC,EAAE,GAAG,EAAE,CAAC,EAAE;YAZlB,MAAM;YACN,MAAM,CAYL,MAAM,CAAC,EAAE;YAbV,MAAM;YACN,MAAM,CAaL,OAAO,CAAC,GAAG,EAAE;gBACZ,MAAM,CAAC,IAAI,CAAC;oBACV,eAAe;oBACf,GAAG,EAAE,0BAA0B;iBAChC,CAAC,CAAA;YACJ,CAAC;;;YAjBC,IAAI,QAAC,MAAM;;YAAX,IAAI,CACD,QAAQ,CAAC,EAAE;YADd,IAAI,CAED,SAAS,CAAC,SAAS;YAFtB,IAAI,CAGD,UAAU,CAAC,UAAU,CAAC,MAAM;;QAH/B,IAAI;QAFN,MAAM;QACN,MAAM;;YAoBN,MAAM;YACN,MAAM;;YADN,MAAM;YACN,MAAM,CAML,IAAI,CAAC,UAAU,CAAC,MAAM;YAPvB,MAAM;YACN,MAAM,CAOL,YAAY,CAAC,CAAC;YARf,MAAM;YACN,MAAM,CAQL,eAAe,CAAC,QAAQ;YATzB,MAAM;YACN,MAAM,CASL,OAAO,CAAC,GAAG;YAVZ,MAAM;YACN,MAAM,CAUL,KAAK,CAAC,KAAK;YAXZ,MAAM;YACN,MAAM,CAWL,MAAM,CAAC,EAAE,GAAG,EAAE,CAAC,EAAE;YAZlB,MAAM;YACN,MAAM,CAYL,MAAM,CAAC,EAAE;YAbV,MAAM;YACN,MAAM,CAaL,OAAO,CAAC,GAAG,EAAE;gBACZ,MAAM,CAAC,IAAI,CAAC;oBACV,eAAe;oBACf,GAAG,EAAE,uBAAuB;iBAC7B,CAAC,CAAA;YACJ,CAAC;;;YAjBC,IAAI,QAAC,QAAQ;;YAAb,IAAI,CACD,QAAQ,CAAC,EAAE;YADd,IAAI,CAED,SAAS,CAAC,SAAS;YAFtB,IAAI,CAGD,UAAU,CAAC,UAAU,CAAC,MAAM;;QAH/B,IAAI;QAFN,MAAM;QACN,MAAM;;YAoBN,MAAM;YACN,MAAM;;YADN,MAAM;YACN,MAAM,CAML,IAAI,CAAC,UAAU,CAAC,MAAM;YAPvB,MAAM;YACN,MAAM,CAOL,YAAY,CAAC,CAAC;YARf,MAAM;YACN,MAAM,CAQL,eAAe,CAAC,QAAQ;YATzB,MAAM;YACN,MAAM,CASL,OAAO,CAAC,GAAG;YAVZ,MAAM;YACN,MAAM,CAUL,KAAK,CAAC,KAAK;YAXZ,MAAM;YACN,MAAM,CAWL,MAAM,CAAC,EAAE,GAAG,EAAE,CAAC,EAAE;YAZlB,MAAM;YACN,MAAM,CAYL,MAAM,CAAC,EAAE;YAbV,MAAM;YACN,MAAM,CAaL,OAAO,CAAC,GAAG,EAAE;gBACZ,MAAM,CAAC,IAAI,CAAC;oBACV,eAAe;oBACf,GAAG,EAAE,sBAAsB;iBAC5B,CAAC,CAAA;YACJ,CAAC;;;YAjBC,IAAI,QAAC,UAAU;;YAAf,IAAI,CACD,QAAQ,CAAC,EAAE;YADd,IAAI,CAED,SAAS,CAAC,SAAS;YAFtB,IAAI,CAGD,UAAU,CAAC,UAAU,CAAC,MAAM;;QAH/B,IAAI;QAFN,MAAM;QACN,MAAM;;YAqBN,MAAM;YACN,MAAM;;YADN,MAAM;YACN,MAAM,CAML,IAAI,CAAC,UAAU,CAAC,MAAM;YAPvB,MAAM;YACN,MAAM,CAOL,YAAY,CAAC,CAAC;YARf,MAAM;YACN,MAAM,CAQL,eAAe,CAAC,QAAQ;YATzB,MAAM;YACN,MAAM,CASL,OAAO,CAAC,GAAG;YAVZ,MAAM;YACN,MAAM,CAUL,KAAK,CAAC,KAAK;YAXZ,MAAM;YACN,MAAM,CAWL,MAAM,CAAC,EAAE,GAAG,EAAE,CAAC,EAAE;YAZlB,MAAM;YACN,MAAM,CAYL,MAAM,CAAC,EAAE;YAbV,MAAM;YACN,MAAM,CAaL,OAAO,CAAC,GAAG,EAAE;gBACZ,MAAM,CAAC,IAAI,CAAC;oBACV,eAAe;oBACf,GAAG,EAAE,sBAAsB;iBAC5B,CAAC,CAAA;YACJ,CAAC;;;YAjBC,IAAI,QAAC,UAAU;;YAAf,IAAI,CACD,QAAQ,CAAC,EAAE;YADd,IAAI,CAED,SAAS,CAAC,SAAS;YAFtB,IAAI,CAGD,UAAU,CAAC,UAAU,CAAC,MAAM;;QAH/B,IAAI;QAFN,MAAM;QACN,MAAM;QApfR,MAAM;QADR,MAAM;KAqhBP",
    "entry-package-info": "entry|1.0.0"
  },
  "entry|entry|1.0.0|src/main/ets/pages/ImagePage.ts": {
    "version": 3,
    "file": "ImagePage.ets",
    "sourceRoot": "",
    "sources": [
      "entry/src/main/ets/pages/ImagePage.ets"
    ],
    "names": [],
    "mappings": ";;;;IAGS,OAAO,GAAE,MAAM;;MADjB,SAAS;IAFhB;;;;;sDAG2B,aAAa;;;KAHxC;;;;;;;;;;;;;;;;IAGE,4CAAgB,MAAM,EAAiB;QAAhC,OAAO;;;QAAP,OAAO,WAAE,MAAM;;;IAEtB;;YACE,MAAM;;YAAN,MAAM,CAML,MAAM,CAAC,MAAM;YANd,MAAM,CAOL,KAAK,CAAC,MAAM;;;YANX,KAAK;;YAAL,KAAK,CAEF,KAAK,CAAC,MAAM;YAFf,KAAK,CAGF,MAAM,CAAC,MAAM;;QAJlB,MAAM;KAQP",
    "entry-package-info": "entry|1.0.0"
  },
  "entry|entry|1.0.0|src/main/ets/pages/ProgressPage.ts": {
    "version": 3,
    "file": "ProgressPage.ets",
    "sourceRoot": "",
    "sources": [
      "entry/src/main/ets/pages/ProgressPage.ets"
    ],
    "names": [],
    "mappings": ";;;;IAGS,KAAK,GAAC,MAAM;IACX,UAAU,GAAC,MAAM;;MAFpB,YAAY;IAFnB;;;;;oDAGuB,CAAC;0BACM,CAAC,CAAC;;;KAJhC;;;;;;;;;;;;;;;;;;;IAGE,0CAAa,MAAM,EAAI;QAAhB,KAAK;;;QAAL,KAAK,WAAC,MAAM;;;IACnB,OAAO,aAAY,MAAM,CAAM;IAE/B;;YACE,MAAM,QAAC,EAAC,KAAK,EAAC,EAAE,EAAC;;YAAjB,MAAM,CA6CL,MAAM,CAAC,MAAM;YA7Cd,MAAM,CA8CL,KAAK,CAAC,MAAM;;;YA7CX,QAAQ;YACR,QAAQ,QAAC;gBACP,KAAK,EAAE,IAAI,CAAC,KAAK;gBACjB,IAAI,EAAE,YAAY,CAAC,SAAS,CAAC,kBAAkB;aAChD;;YAJD,QAAQ;YACR,QAAQ,CAIL,IAAI,CAAC,EAAC,KAAK,EAAE,EAAE,EAAE,MAAM,EAAE,EAAE,EAAC;YAL/B,QAAQ;YACR,QAAQ,CAKL,MAAM,CAAC,EAAC,GAAG,EAAC,EAAE,EAAC;YANlB,QAAQ;YACR,QAAQ,CAML,KAAK,CAAC,QAAQ;YAPjB,QAAQ;YACR,QAAQ,CAOL,KAAK,CAAC,EAAC,WAAW,EAAC,CAAC,EAAC,UAAU,EAAC,EAAE,EAAC,UAAU,EAAC,CAAC,EAAC;;;YAEnD,OAAO;YACP,QAAQ,QAAC;gBACP,KAAK,EAAE,IAAI,CAAC,KAAK;gBACjB,KAAK,EAAE,GAAG;gBACV,IAAI,EAAE,YAAY,CAAC,OAAO,CAAG,gBAAgB;aAC9C;;YALD,OAAO;YACP,QAAQ,CAKL,IAAI,CAAC,EAAC,KAAK,EAAE,GAAG,EAAE,MAAM,EAAE,EAAE,EAAC;YANhC,OAAO;YACP,QAAQ,CAML,KAAK,CAAC,KAAK,CAAC,KAAK;;;YAEpB,OAAO;YACP,QAAQ,QAAC;gBACP,KAAK,EAAE,IAAI,CAAC,KAAK;gBACjB,KAAK,EAAE,GAAG;gBACV,IAAI,EAAE,YAAY,CAAC,OAAO,CAAG,gBAAgB;aAC9C;;YALD,OAAO;YACP,QAAQ,CAKL,IAAI,CAAC,EAAC,KAAK,EAAE,EAAE,EAAE,MAAM,EAAE,EAAE,EAAC;;;YAE/B,OAAO;YACP,QAAQ,QAAC;gBACP,KAAK,EAAE,IAAI,CAAC,KAAK;gBACjB,KAAK,EAAE,GAAG;gBACV,IAAI,EAAE,YAAY,CAAC,MAAM,CAAI,gBAAgB;aAC9C;;YALD,OAAO;YACP,QAAQ,CAKL,IAAI,CAAC,EAAC,KAAK,EAAE,MAAM,EAAE,MAAM,EAAE,EAAE,EAAC;;;YAEnC,OAAO;YACP,QAAQ,QAAC;gBACP,KAAK,EAAE,IAAI,CAAC,KAAK;gBACjB,KAAK,EAAE,GAAG;gBACV,IAAI,EAAE,YAAY,CAAC,IAAI,CAAM,gBAAgB;aAC9C;;YALD,OAAO;YACP,QAAQ,CAKL,IAAI,CAAC,EAAC,KAAK,EAAE,EAAE,EAAE,MAAM,EAAE,EAAE,EAAC;YAN/B,OAAO;YACP,QAAQ,CAML,KAAK,CAAC,SAAS;;QA3CpB,MAAM;KAgDP;IACD,aAAa,IAAI,IAAI;QACnB,IAAI,CAAC,UAAU,GAAC,WAAW,CAAC,GAAE,EAAE;YAC9B,IAAI,CAAC,KAAK,EAAE,CAAC;YACb,IAAG,IAAI,CAAC,KAAK,GAAC,GAAG,EACjB;gBACE,aAAa,CAAC,IAAI,CAAC,UAAU,CAAC,CAAC,CAAA,OAAO;aACvC;QACH,CAAC,EAAC,GAAG,CAAC,CAAA;IACR,CAAC",
    "entry-package-info": "entry|1.0.0"
  },
  "entry|entry|1.0.0|src/main/ets/pages/FirstPage.ts": {
    "version": 3,
    "file": "FirstPage.ets",
    "sourceRoot": "",
    "sources": [
      "entry/src/main/ets/pages/FirstPage.ets"
    ],
    "names": [],
    "mappings": ";;;;IAqBS,aAAa,GAAC,MAAM;;;AAnB7B,MAAM,IAAI;IACR,IAAI,EAAC,MAAM,GAAG,EAAE,CAAC;IAEjB,YAAY,GAAG,EAAC,MAAM;QACpB,IAAI,CAAC,IAAI,GAAG,GAAG,CAAC;IAClB,CAAC;CACF;AAED,MAAM,SAAS;IACb,OAAO,EAAC,MAAM,GAAG,EAAE,CAAC;IAEpB,YAAY,GAAG,EAAE,MAAM;QACrB,IAAI,CAAC,OAAO,GAAG,GAAG,CAAC;IACrB,CAAC;CACF;MAIM,SAAS;IAFhB;;;;;4DAGgC,EAAE;;;KALjC;;;;;;;;;;;;;;;;IAKC,kDAAqB,MAAM,EAAM;QAA1B,aAAa;;;QAAb,aAAa,WAAC,MAAM;;;IAC7B,UAAU,IAAI,IAAI;QAChB,IAAI,SAAS,GAAG,MAAM,CAAC,SAAS,EAAE,IAAI,SAAS,CAAC;QAChD,IAAI,SAAS,EAAE;YACb,IAAI,CAAC,aAAa,GAAG,SAAS,CAAC,OAAO,CAAA;SACvC;IAEH,CAAC;IAGC;;YACE,MAAM;;YAAN,MAAM,CAoCL,MAAM,CAAC,MAAM;YApCd,MAAM,CAqCL,KAAK,CAAC,MAAM;;;YApCX,MAAM,iBAAC,OAAO;;YAAd,MAAM,CACH,IAAI,CAAC,UAAU,CAAC,MAAM;YADzB,MAAM,CAEH,YAAY,CAAC,CAAC;YAFjB,MAAM,CAGH,WAAW,CAAC,QAAQ;YAHvB,MAAM,CAIH,WAAW,CAAC,CAAC;YAJhB,MAAM,CAKH,eAAe,CAAC,QAAQ;YAL3B,MAAM,CAMH,QAAQ,CAAC,EAAE;YANd,MAAM,CAOH,SAAS,CAAC,QAAQ;YAPrB,MAAM,CAQH,UAAU,CAAC,UAAU,CAAC,MAAM;YAR/B,MAAM,CASH,MAAM,CAAC,EAAC,GAAG,EAAC,EAAE,EAAC;YATlB,MAAM,CAUH,KAAK,CAAC,KAAK;YAVd,MAAM,CAWH,MAAM,CAAC,EAAE;YAXZ,MAAM,CAYH,OAAO,CAAC,GAAE,EAAE;gBACX,MAAM,CAAC,IAAI,CAAC;oBACV,GAAG,EAAE,kBAAkB;oBACvB,MAAM,EAAE,IAAI,IAAI,CAAC,KAAK,CAAC;iBACxB,CAAC,CAAA;YACJ,CAAC;;QAjBH,MAAM;;YAmBN,GAAG;;YAAH,GAAG,CAaF,MAAM,CAAC,EAAE;YAbV,GAAG,CAcF,KAAK,CAAC,KAAK;;;YAbV,IAAI,QAAC,OAAO;;YAAZ,IAAI,CACD,QAAQ,CAAC,EAAE;YADd,IAAI,CAED,UAAU,CAAC,UAAU,CAAC,MAAM;YAF/B,IAAI,CAGD,KAAK,CAAC,KAAK;YAHd,IAAI,CAID,MAAM,CAAC,KAAK;;QAJf,IAAI;;YAMJ,IAAI,QAAC,IAAI,CAAC,aAAa;;YAAvB,IAAI,CACD,QAAQ,CAAC,EAAE;YADd,IAAI,CAED,UAAU,CAAC,UAAU,CAAC,MAAM;YAF/B,IAAI,CAGD,KAAK,CAAC,KAAK;YAHd,IAAI,CAID,MAAM,CAAC,KAAK;;QAJf,IAAI;QAPN,GAAG;QApBL,MAAM;KAsCP",
    "entry-package-info": "entry|1.0.0"
  },
  "entry|entry|1.0.0|src/main/ets/pages/SecondPage.ts": {
    "version": 3,
    "file": "SecondPage.ets",
    "sourceRoot": "",
    "sources": [
      "entry/src/main/ets/pages/SecondPage.ets"
    ],
    "names": [],
    "mappings": ";;;;IAoBO,MAAM,GAAC,IAAI;;;AAnBlB,MAAM,IAAI;IACR,IAAI,EAAC,MAAM,GAAG,EAAE,CAAC;IAEjB,YAAY,GAAG,EAAC,MAAM;QACpB,IAAI,CAAC,IAAI,GAAG,GAAG,CAAC;IAClB,CAAC;CACF;AAED,MAAM,SAAS;IACb,OAAO,EAAC,MAAM,GAAG,EAAE,CAAC;IAEpB,YAAY,GAAG,EAAE,MAAM;QACrB,IAAI,CAAC,OAAO,GAAG,GAAG,CAAC;IACrB,CAAC;CACF;MAIM,UAAU;IAFjB;;;;;qDAGqB,MAAM,CAAC,SAAS,EAAE,IAAI,IAAI;;;KAL9C;;;;;;;;;;;;;;;;IAKD,2CAAc,IAAI,EAA8B;QAAzC,MAAM;;;QAAN,MAAM,WAAC,IAAI;;;IAChB;;YACE,iBAAiB;;YAAjB,iBAAiB,CAwChB,MAAM,CAAC,MAAM;YAxCd,iBAAiB,CAyChB,KAAK,CAAC,MAAM;;;YAxCX,MAAM,iBAAC,SAAS;;YAAhB,MAAM,CACH,IAAI,CAAC,UAAU,CAAC,MAAM;YADzB,MAAM,CAEH,YAAY,CAAC,CAAC;YAFjB,MAAM,CAGH,WAAW,CAAC,QAAQ;YAHvB,MAAM,CAIH,WAAW,CAAC,CAAC;YAJhB,MAAM,CAKH,eAAe,CAAC,QAAQ;YAL3B,MAAM,CAMH,QAAQ,CAAC,EAAE;YANd,MAAM,CAOH,SAAS,CAAC,QAAQ;YAPrB,MAAM,CAQH,UAAU,CAAC,UAAU,CAAC,MAAM;YAR/B,MAAM,CASH,MAAM,CAAC,EAAC,GAAG,EAAC,EAAE,EAAC,IAAI,EAAC,EAAE,EAAC;YAT1B,MAAM,CAUH,KAAK,CAAC,KAAK;YAVd,MAAM,CAWH,MAAM,CAAC,EAAE;YAXZ,MAAM,CAYH,OAAO,CAAC,GAAE,EAAE;gBACX,MAAM,CAAC,IAAI,CAAC;oBACV,GAAG,EAAE,iBAAiB;oBACtB,MAAM,EAAC,IAAI,SAAS,CAAC,MAAM,CAAC;iBAC7B,CAAC,CAAC;YACL,CAAC;;QAjBH,MAAM;;YAoBN,GAAG,QAAC,EAAC,KAAK,EAAC,EAAE,EAAC;;YAAd,GAAG,CAgBF,KAAK,CAAC,KAAK;YAhBZ,GAAG,CAiBF,MAAM,CAAC,EAAE;;;YAhBR,IAAI,QAAC,MAAM;;YAAX,IAAI,CACD,QAAQ,CAAC,EAAE;YADd,IAAI,CAED,UAAU,CAAC,UAAU,CAAC,MAAM;YAF/B,IAAI,CAGD,MAAM,CAAC,EAAC,GAAG,EAAC,GAAG,EAAC,IAAI,EAAC,EAAE,EAAC;YAH3B,IAAI,CAID,MAAM,CAAC,EAAE;YAJZ,IAAI,CAKD,KAAK,CAAC,KAAK;;QALd,IAAI;;YAOJ,IAAI,QAAC,IAAI,CAAC,MAAM,CAAC,IAAI;;YAArB,IAAI,CACD,QAAQ,CAAC,EAAE;YADd,IAAI,CAED,UAAU,CAAC,UAAU,CAAC,MAAM;YAF/B,IAAI,CAGD,MAAM,CAAC,EAAC,GAAG,EAAC,GAAG,EAAC,IAAI,EAAC,EAAE,EAAC;YAH3B,IAAI,CAID,MAAM,CAAC,EAAE;YAJZ,IAAI,CAKD,KAAK,CAAC,KAAK;;QALd,IAAI;QARN,GAAG;QArBL,iBAAiB;KA0ClB",
    "entry-package-info": "entry|1.0.0"
  },
  "entry|entry|1.0.0|src/main/ets/pages/IfElsePage.ts": {
    "version": 3,
    "file": "IfElsePage.ets",
    "sourceRoot": "",
    "sources": [
      "entry/src/main/ets/pages/IfElsePage.ets"
    ],
    "names": [],
    "mappings": ";;;;IAGS,SAAS,GAAE,OAAO;;MADpB,UAAU;IAFjB;;;;;wDAG8B,KAAK;;;KAHnC;;;;;;;;;;;;;;;;IAGE,8CAAkB,OAAO,EAAS;QAA3B,SAAS;;;QAAT,SAAS,WAAE,OAAO;;;IAEzB;;YACE,MAAM;;YAAN,MAAM,CAgCL,MAAM,CAAC,MAAM;YAhCd,MAAM,CAiCL,KAAK,CAAC,MAAM;;;;YAhCX,IAAG,IAAI,CAAC,SAAS,EAAC;;;wBAChB,KAAK;;wBAAL,KAAK,CACF,KAAK,CAAC,KAAK;wBADd,KAAK,CAEF,MAAM,CAAC,KAAK;;;aAChB;iBAAI;;;wBACH,IAAI,QAAC,WAAW;;wBAAhB,IAAI,CACD,QAAQ,CAAC,EAAE;wBADd,IAAI,CAED,UAAU,CAAC,GAAG;wBAFjB,IAAI,CAGD,SAAS,CAAC,SAAS,CAAC,MAAM;wBAH7B,IAAI,CAID,KAAK,CAAC,KAAK;wBAJd,IAAI,CAKD,MAAM,CAAC,KAAK;;oBALf,IAAI;;aAML;;;;YACD,MAAM,iBAAC,IAAI,CAAC,SAAS,CAAA,CAAC,CAAA,OAAO,CAAA,CAAC,CAAA,OAAO;;YAArC,MAAM,CACH,QAAQ,CAAC,EAAE;YADd,MAAM,CAEH,UAAU,CAAC,GAAG;YAFjB,MAAM,CAGH,IAAI,CAAC,UAAU,CAAC,MAAM;YAHzB,MAAM,CAIH,YAAY,CAAC,CAAC;YAJjB,MAAM,CAKH,eAAe,CAAC,QAAQ;YAL3B,MAAM,CAMH,KAAK,CAAC,KAAK;YANd,MAAM,CAOH,MAAM,CAAC,EAAC,GAAG,EAAC,EAAE,EAAC;YAPlB,MAAM,CAQH,MAAM,CAAC,EAAE;YARZ,MAAM,CASH,OAAO,CAAC,GAAE,EAAE;gBACX,IAAG,IAAI,CAAC,SAAS,IAAE,IAAI,EAAC;oBACtB,IAAI,CAAC,SAAS,GAAG,KAAK,CAAC;iBACxB;qBAAI;oBACH,IAAI,CAAC,SAAS,GAAG,IAAI,CAAC;iBACvB;YACH,CAAC;;QAfH,MAAM;QAbR,MAAM;KAkCP",
    "entry-package-info": "entry|1.0.0"
  },
  "entry|entry|1.0.0|src/main/ets/pages/ForEachPage.ts": {
    "version": 3,
    "file": "ForEachPage.ets",
    "sourceRoot": "",
    "sources": [
      "entry/src/main/ets/pages/ForEachPage.ets"
    ],
    "names": [],
    "mappings": ";;;;IAGU,UAAU,GAAC,MAAM,EAAE;;MADtB,WAAW;IAFlB;;;;;0BAGgC,CAAC,MAAM,EAAC,MAAM,EAAC,QAAQ,EAAC,UAAU,CAAC;;;KAHnE;;;;;;;;;;;;;;IAGE,OAAO,aAAY,MAAM,EAAE,CAAuC;IAElE;;YACE,MAAM,QAAC,EAAC,KAAK,EAAC,EAAE,EAAC;;YAAjB,MAAM,CAaL,MAAM,CAAC,MAAM;YAbd,MAAM,CAcL,KAAK,CAAC,MAAM;;;YAbX,OAAO;mDAA8B,KAAK,EAAC,MAAM;;;oBAC/C,MAAM,iBAAC,IAAI;;oBAAX,MAAM,CACH,KAAK,CAAC,KAAK;oBADd,MAAM,CAEH,MAAM,CAAC,EAAE;oBAFZ,MAAM,CAGH,QAAQ,CAAC,EAAE;oBAHd,MAAM,CAIH,UAAU,CAAC,UAAU,CAAC,MAAM;oBAJ/B,MAAM,CAMH,eAAe,CAAC,QAAQ;oBAN3B,MAAM,CAOH,IAAI,CAAC,UAAU,CAAC,MAAM;oBAPzB,MAAM,CAQH,YAAY,CAAC,CAAC;;gBARjB,MAAM;;+CADA,IAAI,CAAC,UAAU;;QAAvB,OAAO;QADT,MAAM;KAeP",
    "entry-package-info": "entry|1.0.0"
  },
  "entry|entry|1.0.0|src/main/ets/pages/ListPage.ts": {
    "version": 3,
    "file": "ListPage.ets",
    "sourceRoot": "",
    "sources": [
      "entry/src/main/ets/pages/ListPage.ets"
    ],
    "names": [],
    "mappings": ";;;;;;;MAIO,QAAQ;IAFf;;;;;;;KAF4C;;;;;;;;;;;IAO1C;;YACE,MAAM;;YAAN,MAAM,CAmML,MAAM,CAAC,MAAM;YAnMd,MAAM,CAoML,KAAK,CAAC,MAAM;;;YAnMX,IAAI,QAAC,EAAC,KAAK,EAAC,EAAE,EAAC;;YAAf,IAAI,CA8LH,MAAM,CAAC,MAAM;YA9Ld,IAAI,CA+LH,KAAK,CAAC,MAAM;YA/Lb,IAAI,CAgMH,aAAa,CAAC,aAAa,CAAC,MAAM;;;;;;;oBA/LjC,MAAM;oBACN,QAAQ;;;;;;gBADR,MAAM;gBACN,QAAQ,CAuBP,OAAO,CAAC,GAAE,EAAE;oBACX,YAAY,CAAC,SAAS,CAAC;wBACrB,OAAO,EAAC,SAAS;wBACjB,QAAQ,EAAC,IAAI;wBACb,MAAM,EAAC,GAAG,CAAM,SAAS;qBAC1B,CAAC,CAAA;gBACJ,CAAC;;;;;;oBA5BC,GAAG,QAAC,EAAC,KAAK,EAAC,EAAE,EAAC;;oBAAd,GAAG,CAkBD,eAAe,CAAC,QAAQ;oBAlB1B,GAAG,CAmBF,MAAM,CAAC,EAAC,GAAG,EAAC,EAAE,EAAC;oBAnBhB,GAAG,CAoBF,YAAY,CAAC,CAAC;;;oBAnBb,KAAK;;oBAAL,KAAK,CACF,KAAK,CAAC,EAAE;oBADX,KAAK,CAEF,MAAM,CAAC,EAAE;;;oBACZ,IAAI,QAAC,SAAS;;oBAAd,IAAI,CACD,KAAK,CAAC,KAAK;oBADd,IAAI,CAED,MAAM,CAAC,EAAE;oBAFZ,IAAI,CAGD,QAAQ,CAAC,EAAE;oBAHd,IAAI,CAID,SAAS,CAAC,SAAS,CAAC,MAAM;oBAJ7B,IAAI,CAKD,UAAU,CAAC,UAAU,CAAC,MAAM;;gBAL/B,IAAI;;oBAMJ,KAAK;;oBAAL,KAAK,CACF,KAAK,CAAC,EAAE;oBADX,KAAK,CAEF,MAAM,CAAC,EAAE;oBAFZ,KAAK,CAGF,OAAO,CAAC,GAAE,EAAE;wBACX,MAAM,CAAC,IAAI,CAAC;4BACV,GAAG,EAAC,aAAa;yBAClB,CAAC,CAAA;oBACJ,CAAC;;gBAjBL,GAAG;gBAFL,MAAM;gBACN,QAAQ;;;YADR,MAAM;YACN,QAAQ;;;;;;;oBA+BR,MAAM;oBACN,QAAQ;;;;;;;;;;;oBACN,IAAI,QAAC,UAAU;;oBAAf,IAAI,CACD,KAAK,CAAC,KAAK;oBADd,IAAI,CAED,MAAM,CAAC,EAAE;oBAFZ,IAAI,CAGD,QAAQ,CAAC,EAAE;oBAHd,IAAI,CAID,UAAU,CAAC,UAAU,CAAC,MAAM;oBAJ/B,IAAI,CAKD,eAAe,CAAC,QAAQ;oBAL3B,IAAI,CAMD,MAAM,CAAC,EAAC,GAAG,EAAC,CAAC,EAAC;oBANjB,IAAI,CAOD,YAAY,CAAC,CAAC;oBAPjB,IAAI,CAQD,SAAS,CAAC,SAAS,CAAC,MAAM;;gBAR7B,IAAI;gBAFN,MAAM;gBACN,QAAQ;;;YADR,MAAM;YACN,QAAQ;;;;;;;oBAWR,MAAM;oBACN,QAAQ;;;;;;;;;;;oBACN,IAAI,QAAC,UAAU;;oBAAf,IAAI,CACD,KAAK,CAAC,KAAK;oBADd,IAAI,CAED,MAAM,CAAC,EAAE;oBAFZ,IAAI,CAGD,QAAQ,CAAC,EAAE;oBAHd,IAAI,CAID,UAAU,CAAC,UAAU,CAAC,MAAM;oBAJ/B,IAAI,CAKD,eAAe,CAAC,QAAQ;oBAL3B,IAAI,CAMD,MAAM,CAAC,EAAE,GAAG,EAAE,CAAC,EAAE;oBANpB,IAAI,CAOD,YAAY,CAAC,CAAC;oBAPjB,IAAI,CAQD,SAAS,CAAC,SAAS,CAAC,MAAM;;gBAR7B,IAAI;gBAFN,MAAM;gBACN,QAAQ;;;YADR,MAAM;YACN,QAAQ;;;;;;;oBAWR,MAAM;oBACN,QAAQ;;;;;;;;;;;oBACN,IAAI,QAAC,QAAQ;;oBAAb,IAAI,CACD,KAAK,CAAC,KAAK;oBADd,IAAI,CAED,MAAM,CAAC,EAAE;oBAFZ,IAAI,CAGD,QAAQ,CAAC,EAAE;oBAHd,IAAI,CAID,UAAU,CAAC,UAAU,CAAC,MAAM;oBAJ/B,IAAI,CAKD,eAAe,CAAC,QAAQ;oBAL3B,IAAI,CAMD,MAAM,CAAC,EAAE,GAAG,EAAE,CAAC,EAAE;oBANpB,IAAI,CAOD,YAAY,CAAC,CAAC;oBAPjB,IAAI,CAQD,SAAS,CAAC,SAAS,CAAC,MAAM;;gBAR7B,IAAI;gBAFN,MAAM;gBACN,QAAQ;;;YADR,MAAM;YACN,QAAQ;;;;;;;oBAWR,MAAM;oBACN,QAAQ;;;;;;;;;;;oBACN,IAAI,QAAC,SAAS;;oBAAd,IAAI,CACD,KAAK,CAAC,KAAK;oBADd,IAAI,CAED,MAAM,CAAC,EAAE;oBAFZ,IAAI,CAGD,QAAQ,CAAC,EAAE;oBAHd,IAAI,CAID,UAAU,CAAC,UAAU,CAAC,MAAM;oBAJ/B,IAAI,CAKD,eAAe,CAAC,QAAQ;oBAL3B,IAAI,CAMD,MAAM,CAAC,EAAE,GAAG,EAAE,CAAC,EAAE;oBANpB,IAAI,CAOD,YAAY,CAAC,CAAC;oBAPjB,IAAI,CAQD,SAAS,CAAC,SAAS,CAAC,MAAM;;gBAR7B,IAAI;gBAFN,MAAM;gBACN,QAAQ;;;YADR,MAAM;YACN,QAAQ;;;;;;;oBAWR,MAAM;oBACN,QAAQ;;;;;;;;;;;oBACN,IAAI,QAAC,QAAQ;;oBAAb,IAAI,CACD,KAAK,CAAC,KAAK;oBADd,IAAI,CAED,MAAM,CAAC,EAAE;oBAFZ,IAAI,CAGD,QAAQ,CAAC,EAAE;oBAHd,IAAI,CAID,UAAU,CAAC,UAAU,CAAC,MAAM;oBAJ/B,IAAI,CAKD,eAAe,CAAC,QAAQ;oBAL3B,IAAI,CAMD,MAAM,CAAC,EAAE,GAAG,EAAE,CAAC,EAAE;oBANpB,IAAI,CAOD,YAAY,CAAC,CAAC;oBAPjB,IAAI,CAQD,SAAS,CAAC,SAAS,CAAC,MAAM;;gBAR7B,IAAI;gBAFN,MAAM;gBACN,QAAQ;;;YADR,MAAM;YACN,QAAQ;;;;;;;oBAWR,MAAM;oBACN,QAAQ;;;;;;;;;;;oBACN,IAAI,QAAC,QAAQ;;oBAAb,IAAI,CACD,KAAK,CAAC,KAAK;oBADd,IAAI,CAED,MAAM,CAAC,EAAE;oBAFZ,IAAI,CAGD,QAAQ,CAAC,EAAE;oBAHd,IAAI,CAID,UAAU,CAAC,UAAU,CAAC,MAAM;oBAJ/B,IAAI,CAKD,eAAe,CAAC,QAAQ;oBAL3B,IAAI,CAMD,MAAM,CAAC,EAAE,GAAG,EAAE,CAAC,EAAE;oBANpB,IAAI,CAOD,YAAY,CAAC,CAAC;oBAPjB,IAAI,CAQD,SAAS,CAAC,SAAS,CAAC,MAAM;;gBAR7B,IAAI;gBAFN,MAAM;gBACN,QAAQ;;;YADR,MAAM;YACN,QAAQ;;;;;;;oBAWR,MAAM;oBACN,QAAQ;;;;;;;;;;;oBACN,IAAI,QAAC,QAAQ;;oBAAb,IAAI,CACD,KAAK,CAAC,KAAK;oBADd,IAAI,CAED,MAAM,CAAC,EAAE;oBAFZ,IAAI,CAGD,QAAQ,CAAC,EAAE;oBAHd,IAAI,CAID,UAAU,CAAC,UAAU,CAAC,MAAM;oBAJ/B,IAAI,CAKD,eAAe,CAAC,QAAQ;oBAL3B,IAAI,CAMD,MAAM,CAAC,EAAE,GAAG,EAAE,CAAC,EAAE;oBANpB,IAAI,CAOD,YAAY,CAAC,CAAC;oBAPjB,IAAI,CAQD,SAAS,CAAC,SAAS,CAAC,MAAM;;gBAR7B,IAAI;gBAFN,MAAM;gBACN,QAAQ;;;YADR,MAAM;YACN,QAAQ;;;;;;;oBAWR,MAAM;oBACN,QAAQ;;;;;;;;;;;oBACN,IAAI,QAAC,OAAO;;oBAAZ,IAAI,CACD,KAAK,CAAC,KAAK;oBADd,IAAI,CAED,MAAM,CAAC,EAAE;oBAFZ,IAAI,CAGD,QAAQ,CAAC,EAAE;oBAHd,IAAI,CAID,UAAU,CAAC,UAAU,CAAC,MAAM;oBAJ/B,IAAI,CAKD,eAAe,CAAC,QAAQ;oBAL3B,IAAI,CAMD,MAAM,CAAC,EAAE,GAAG,EAAE,CAAC,EAAE;oBANpB,IAAI,CAOD,YAAY,CAAC,CAAC;oBAPjB,IAAI,CAQD,SAAS,CAAC,SAAS,CAAC,MAAM;;gBAR7B,IAAI;gBAFN,MAAM;gBACN,QAAQ;;;YADR,MAAM;YACN,QAAQ;;;;;;;oBAWR,MAAM;oBACN,QAAQ;;;;;;;;;;;oBACN,IAAI,QAAC,MAAM;;oBAAX,IAAI,CACD,KAAK,CAAC,KAAK;oBADd,IAAI,CAED,MAAM,CAAC,EAAE;oBAFZ,IAAI,CAGD,QAAQ,CAAC,EAAE;oBAHd,IAAI,CAID,UAAU,CAAC,UAAU,CAAC,MAAM;oBAJ/B,IAAI,CAKD,eAAe,CAAC,QAAQ;oBAL3B,IAAI,CAMD,MAAM,CAAC,EAAE,GAAG,EAAE,CAAC,EAAE;oBANpB,IAAI,CAOD,YAAY,CAAC,CAAC;oBAPjB,IAAI,CAQD,SAAS,CAAC,SAAS,CAAC,MAAM;;gBAR7B,IAAI;gBAFN,MAAM;gBACN,QAAQ;;;YADR,MAAM;YACN,QAAQ;;;;;;;oBAWR,OAAO;oBACP,QAAQ;;;;;;;;;;;oBACN,IAAI,QAAC,KAAK;;oBAAV,IAAI,CACD,KAAK,CAAC,KAAK;oBADd,IAAI,CAED,MAAM,CAAC,EAAE;oBAFZ,IAAI,CAGD,QAAQ,CAAC,EAAE;oBAHd,IAAI,CAID,UAAU,CAAC,UAAU,CAAC,MAAM;oBAJ/B,IAAI,CAKD,eAAe,CAAC,QAAQ;oBAL3B,IAAI,CAMD,MAAM,CAAC,EAAE,GAAG,EAAE,CAAC,EAAE;oBANpB,IAAI,CAOD,YAAY,CAAC,CAAC;oBAPjB,IAAI,CAQD,SAAS,CAAC,SAAS,CAAC,MAAM;;gBAR7B,IAAI;gBAFN,OAAO;gBACP,QAAQ;;;YADR,OAAO;YACP,QAAQ;;;;;;;oBAWR,OAAO;oBACP,QAAQ;;;;;;;;;;;oBACN,IAAI,QAAC,QAAQ;;oBAAb,IAAI,CACD,KAAK,CAAC,KAAK;oBADd,IAAI,CAED,MAAM,CAAC,EAAE;oBAFZ,IAAI,CAGD,QAAQ,CAAC,EAAE;oBAHd,IAAI,CAID,UAAU,CAAC,UAAU,CAAC,MAAM;oBAJ/B,IAAI,CAKD,eAAe,CAAC,QAAQ;oBAL3B,IAAI,CAMD,MAAM,CAAC,EAAE,GAAG,EAAE,CAAC,EAAE;oBANpB,IAAI,CAOD,YAAY,CAAC,CAAC;oBAPjB,IAAI,CAQD,SAAS,CAAC,SAAS,CAAC,MAAM;;gBAR7B,IAAI;gBAFN,OAAO;gBACP,QAAQ;;;YADR,OAAO;YACP,QAAQ;;;;;;;oBAWR,OAAO;oBACP,QAAQ;;;;;;;;;;;oBACN,IAAI,QAAC,QAAQ;;oBAAb,IAAI,CACD,KAAK,CAAC,KAAK;oBADd,IAAI,CAED,MAAM,CAAC,EAAE;oBAFZ,IAAI,CAGD,QAAQ,CAAC,EAAE;oBAHd,IAAI,CAID,UAAU,CAAC,UAAU,CAAC,MAAM;oBAJ/B,IAAI,CAKD,eAAe,CAAC,QAAQ;oBAL3B,IAAI,CAMD,MAAM,CAAC,EAAE,GAAG,EAAE,CAAC,EAAE;oBANpB,IAAI,CAOD,YAAY,CAAC,CAAC;oBAPjB,IAAI,CAQD,SAAS,CAAC,SAAS,CAAC,MAAM;;gBAR7B,IAAI;gBAFN,OAAO;gBACP,QAAQ;;;YADR,OAAO;YACP,QAAQ;;;;;;;oBAWR,OAAO;oBACP,QAAQ;;;;;;;;;;;oBACN,IAAI,QAAC,MAAM;;oBAAX,IAAI,CACD,KAAK,CAAC,KAAK;oBADd,IAAI,CAED,MAAM,CAAC,EAAE;oBAFZ,IAAI,CAGD,QAAQ,CAAC,EAAE;oBAHd,IAAI,CAID,UAAU,CAAC,UAAU,CAAC,MAAM;oBAJ/B,IAAI,CAKD,eAAe,CAAC,QAAQ;oBAL3B,IAAI,CAMD,MAAM,CAAC,EAAE,GAAG,EAAE,CAAC,EAAE;oBANpB,IAAI,CAOD,YAAY,CAAC,CAAC;oBAPjB,IAAI,CAQD,SAAS,CAAC,SAAS,CAAC,MAAM;;gBAR7B,IAAI;gBAFN,OAAO;gBACP,QAAQ;;;YADR,OAAO;YACP,QAAQ;;QAlLV,IAAI;QADN,MAAM;KAqMP",
    "entry-package-info": "entry|1.0.0"
  },
  "entry|entry|1.0.0|src/main/ets/pages/PickerPage.ts": {
    "version": 3,
    "file": "PickerPage.ets",
    "sourceRoot": "",
    "sources": [
      "entry/src/main/ets/pages/PickerPage.ets"
    ],
    "names": [],
    "mappings": ";;;;;MAEO,UAAU;IAFjB;;;;;;;KAAA;;;;;;;;;;;IAKE;;YACE,MAAM,QAAC,EAAC,KAAK,EAAC,EAAE,EAAC;;YAAjB,MAAM,CAsCL,MAAM,CAAC,MAAM;YAtCd,MAAM,CAuCL,KAAK,CAAC,MAAM;;;YAtCX,IAAI,QAAC,OAAO;;YAAZ,IAAI,CACD,QAAQ,CAAC,EAAE;YADd,IAAI,CAED,UAAU,CAAC,GAAG;YAFjB,IAAI,CAGD,SAAS,CAAC,SAAS,CAAC,MAAM;YAH7B,IAAI,CAID,IAAI,CAAC,EAAC,KAAK,EAAC,MAAM,EAAC,MAAM,EAAC,EAAE,EAAC;;QAJhC,IAAI;;YAMJ,UAAU,QAAC,EAAC,QAAQ,EAAC,IAAI,IAAI,EAAE,EAAC;;YAAhC,UAAU,CACP,KAAK,CAAC,GAAG;YADZ,UAAU,CAEP,MAAM,CAAC,GAAG;YAFb,UAAU,CAGP,WAAW,CAAC,EAAE;YAHjB,UAAU,CAIP,WAAW,CAAC,KAAK,CAAC,GAAG;YAJxB,UAAU,CAKP,eAAe,CAAC,KAAK,CAAC,IAAI;YAL7B,UAAU,CAMP,eAAe,CAAC,IAAI;YANvB,UAAU,CAOP,QAAQ,CAAC,CAAC,IAAI,EAAC,EAAE;gBAChB,OAAO,CAAC,GAAG,CAAC,QAAQ,IAAI,CAAC,IAAI,IAAI,IAAI,CAAC,MAAM,EAAE,CAAC,CAAA;YACjD,CAAC;;QATH,UAAU;;YAWV,IAAI,QAAC,OAAO;;YAAZ,IAAI,CACD,QAAQ,CAAC,EAAE;YADd,IAAI,CAED,UAAU,CAAC,GAAG;YAFjB,IAAI,CAGD,SAAS,CAAC,SAAS,CAAC,MAAM;YAH7B,IAAI,CAID,IAAI,CAAC,EAAC,KAAK,EAAC,MAAM,EAAC,MAAM,EAAC,EAAE,EAAC;;QAJhC,IAAI;;YAMJ,UAAU,QAAC;gBACT,KAAK,EAAC,IAAI,IAAI,CAAC,YAAY,CAAC;gBAC5B,GAAG,EAAE,IAAI,IAAI,CAAC,YAAY,CAAC;gBAC3B,QAAQ,EAAE,IAAI,IAAI,EAAE;aACrB;;YAJD,UAAU,CAKP,KAAK,CAAC,KAAK;YALd,UAAU,CAMP,KAAK,CAAC,GAAG;YANZ,UAAU,CAOP,MAAM,CAAC,GAAG;YAPb,UAAU,CAQP,WAAW,CAAC,EAAE;YARjB,UAAU,CASP,WAAW,CAAC,KAAK,CAAC,GAAG;YATxB,UAAU,CAUP,QAAQ,CAAC,CAAC,IAAI,EAAC,EAAE;gBAChB,OAAO,CAAC,GAAG,CAAC,QAAQ,IAAI,CAAC,IAAI,IAAI,IAAI,CAAC,KAAK,IAAI,IAAI,CAAC,GAAG,EAAE,CAAC,CAAA;YAC5D,CAAC;;QAZH,UAAU;QAxBZ,MAAM;KAwCP",
    "entry-package-info": "entry|1.0.0"
  },
  "entry|entry|1.0.0|src/main/ets/pages/QRCodePage.ts": {
    "version": 3,
    "file": "QRCodePage.ets",
    "sourceRoot": "",
    "sources": [
      "entry/src/main/ets/pages/QRCodePage.ets"
    ],
    "names": [],
    "mappings": ";;;;;MAEO,UAAU;IAFjB;;;;;;;KAAA;;;;;;;;;;;IAIE;;YACE,MAAM;;YAAN,MAAM,CAOL,MAAM,CAAC,MAAM;YAPd,MAAM,CAQL,KAAK,CAAC,MAAM;;;YAPX,MAAM,QAAC,mBAAmB;;YAA1B,MAAM,CACH,KAAK,CAAC,GAAG;YADZ,MAAM,CAEH,MAAM,CAAC,GAAG;YAFb,MAAM,CAGH,MAAM,CAAC,EAAC,GAAG,EAAC,EAAE,EAAC;YAHlB,MAAM,CAIH,KAAK,CAAC,KAAK,CAAC,KAAK;;QAJpB,MAAM;QADR,MAAM;KASP",
    "entry-package-info": "entry|1.0.0"
  },
  "entry|entry|1.0.0|src/main/ets/pages/yaoPage.ts": {
    "version": 3,
    "file": "yaoPage.ets",
    "sourceRoot": "",
    "sources": [
      "entry/src/main/ets/pages/yaoPage.ets"
    ],
    "names": [],
    "mappings": ";;;;IAGS,OAAO,GAAE,MAAM;;MADjB,OAAO;IAFd;;;;;sDAG2B,aAAa;;;KAHxC;;;;;;;;;;;;;;;;IAGE,4CAAgB,MAAM,EAAiB;QAAhC,OAAO;;;QAAP,OAAO,WAAE,MAAM;;;IAEtB;;YACE,MAAM;;YAAN,MAAM,CAML,MAAM,CAAC,MAAM;YANd,MAAM,CAOL,KAAK,CAAC,MAAM;;;YANX,KAAK;;YAAL,KAAK,CAEF,KAAK,CAAC,MAAM;YAFf,KAAK,CAGF,MAAM,CAAC,MAAM;;QAJlB,MAAM;KAQP",
    "entry-package-info": "entry|1.0.0"
  },
  "entry|entry|1.0.0|src/main/ets/pages/TogglePage.ts": {
    "version": 3,
    "file": "TogglePage.ets",
    "sourceRoot": "",
    "sources": [
      "entry/src/main/ets/pages/TogglePage.ets"
    ],
    "names": [],
    "mappings": ";;;;;;MAIO,UAAU;IAFjB;;;;;;;KAFyC;;;;;;;;;;;IAMvC;;YACE,MAAM;;YAAN,MAAM,CAyBL,MAAM,CAAC,MAAM;YAzBd,MAAM,CA0BL,KAAK,CAAC,MAAM;;;YAzBX,MAAM,QAAC,EAAC,IAAI,EAAC,IAAI,EAAC,IAAI,EAAC,UAAU,CAAC,MAAM,EAAC;;YAAzC,MAAM,CACH,KAAK,CAAC,GAAG;YADZ,MAAM,CAEH,MAAM,CAAC,GAAG;YAFb,MAAM,CAGH,MAAM,CAAC,EAAC,GAAG,EAAC,GAAG,EAAC;YAHnB,MAAM,CAIH,aAAa,CAAC,KAAK,CAAC,GAAG;YAJ1B,MAAM,CAKH,gBAAgB,CAAC,KAAK,CAAC,KAAK;YAL/B,MAAM,CAMH,QAAQ,CAAC,CAAC,IAAI,EAAC,EAAE;gBAChB,IAAG,IAAI,IAAE,IAAI,EAAC;oBACZ,YAAY,CAAC,SAAS,CAAC;wBACrB,OAAO,EAAC,QAAQ;wBAChB,QAAQ,EAAC,IAAI;wBACb,MAAM,EAAC,GAAG,CAAoB,QAAQ;qBACvC,CAAC,CAAA;iBACH;qBAAK;oBACJ,YAAY,CAAC,SAAS,CAAC;wBACrB,OAAO,EAAC,QAAQ;wBAChB,QAAQ,EAAC,IAAI;wBACb,MAAM,EAAC,GAAG,CAAoB,QAAQ;qBACvC,CAAC,CAAA;iBAEH;YACH,CAAC;;QArBH,MAAM;QADR,MAAM;KA2BP",
    "entry-package-info": "entry|1.0.0"
  },
  "entry|entry|1.0.0|src/main/ets/pages/SilderPage.ts": {
    "version": 3,
    "file": "SilderPage.ets",
    "sourceRoot": "",
    "sources": [
      "entry/src/main/ets/pages/SilderPage.ets"
    ],
    "names": [],
    "mappings": ";;;;IAGS,KAAK,GAAE,MAAM;;MADf,UAAU;IAFjB;;;;;oDAGyB,CAAC;;;KAH1B;;;;;;;;;;;;;;;;IAGE,0CAAc,MAAM,EAAK;QAAlB,KAAK;;;QAAL,KAAK,WAAE,MAAM;;;IAEpB;;YACE,MAAM;;YAAN,MAAM,CAkCL,MAAM,CAAC,MAAM;YAlCd,MAAM,CAmCL,KAAK,CAAC,MAAM;;;YAlCX,GAAG,QAAC,EAAC,KAAK,EAAC,EAAE,EAAC;;;;YAEZ,MAAM,QAAC;gBACL,KAAK,EAAC,IAAI,CAAC,KAAK;gBAChB,GAAG,EAAC,CAAC;gBACL,GAAG,EAAC,GAAG;gBACP,IAAI,EAAC,CAAC;gBACN,KAAK,EAAE,WAAW,CAAC,KAAK;gBACxB,SAAS,EAAE,IAAI,CAAC,UAAU;gBAC1B,OAAO,EAAE,KAAK;aACf;;YARD,MAAM,CASH,KAAK,CAAC,KAAK;YATd,MAAM,CAUH,MAAM,CAAC,GAAG;YAVb,MAAM,CAWH,MAAM,CAAC,EAAC,GAAG,EAAC,EAAE,EAAC;YAXlB,MAAM,CAYH,UAAU,CAAC,KAAK,CAAC,GAAG;YAZvB,MAAM,CAaH,UAAU,CAAC,KAAK,CAAC,MAAM;YAb1B,MAAM,CAcH,aAAa,CAAC,KAAK,CAAC,KAAK;YAd5B,MAAM,CAeH,QAAQ,CAAC,IAAI;YAfhB,MAAM,CAgBH,cAAc,CAAC,EAAE;YAhBpB,MAAM,CAiBH,SAAS,CAAC,IAAI;YAjBjB,MAAM,CAkBH,QAAQ,CAAC,CAAC,KAAK,EAAC,EAAE;gBACjB,IAAI,CAAC,KAAK,GAAG,KAAK,CAAC;YACrB,CAAC;;;YAEH,IAAI,QAAC,IAAI,CAAC,KAAK,CAAC,QAAQ,EAAE;;YAA1B,IAAI,CACD,QAAQ,CAAC,EAAE;YADd,IAAI,CAED,UAAU,CAAC,GAAG;YAFjB,IAAI,CAGD,KAAK,CAAC,EAAE;YAHX,IAAI,CAID,MAAM,CAAC,EAAE;YAJZ,IAAI,CAKD,MAAM,CAAC,EAAC,GAAG,EAAC,EAAE,EAAC;;QALlB,IAAI;QAxBN,GAAG;QADL,MAAM;KAoCP",
    "entry-package-info": "entry|1.0.0"
  },
  "entry|entry|1.0.0|src/main/ets/pages/FlexPage.ts": {
    "version": 3,
    "file": "FlexPage.ets",
    "sourceRoot": "",
    "sources": [
      "entry/src/main/ets/pages/FlexPage.ets"
    ],
    "names": [],
    "mappings": ";;;;;MAGO,QAAQ;IAFf;;;;;;;KADA;;;;;;;;;;;IAIE;;YACE,MAAM;;YAAN,MAAM,CA6BL,OAAO,CAAC,EAAE;YA7BX,MAAM,CA8BL,IAAI,CAAC,EAAE,KAAK,EAAE,MAAM,EAAE,MAAM,EAAE,MAAM,EAAE;;;YA7BrC,IAAI,QAAC,YAAY;;YAAjB,IAAI,CACD,QAAQ,CAAC,EAAE;YADd,IAAI,CAED,SAAS,CAAC,KAAK,CAAC,KAAK;YAFxB,IAAI,CAGD,UAAU,CAAC,UAAU,CAAC,MAAM;YAH/B,IAAI,CAID,MAAM,CAAC,EAAC,GAAG,EAAC,EAAE,EAAE,MAAM,EAAC,EAAE,EAAC;;QAJ7B,IAAI;;YAMJ,IAAI,QAAC,EAAC,SAAS,EAAE,aAAa,CAAC,GAAG,EAAE,cAAc,EAAE,SAAS,CAAC,WAAW,EAAC,UAAU,EAAC,SAAS,CAAC,MAAM,EAAC;;YAAtG,IAAI,CAkBH,KAAK,CAAC,MAAM;YAlBb,IAAI,CAmBH,MAAM,CAAC,EAAE;YAnBV,IAAI,CAoBH,eAAe,CAAC,KAAK,CAAC,IAAI;;;YAnBzB,IAAI,QAAC,IAAI;;YAAT,IAAI,CACD,QAAQ,CAAC,EAAE;YADd,IAAI,CAED,OAAO,CAAC,EAAE;YAFb,IAAI,CAGD,eAAe,CAAC,SAAS;;QAH5B,IAAI;;YAIJ,IAAI,QAAC,IAAI;;YAAT,IAAI,CACD,QAAQ,CAAC,EAAE;YADd,IAAI,CAED,OAAO,CAAC,EAAE;YAFb,IAAI,CAGD,eAAe,CAAC,SAAS;;QAH5B,IAAI;;YAIJ,IAAI,QAAC,IAAI;;YAAT,IAAI,CACD,QAAQ,CAAC,EAAE;YADd,IAAI,CAED,OAAO,CAAC,EAAE;YAFb,IAAI,CAGD,eAAe,CAAC,SAAS;;QAH5B,IAAI;;YAIJ,IAAI,QAAC,IAAI;;YAAT,IAAI,CACD,QAAQ,CAAC,EAAE;YADd,IAAI,CAED,OAAO,CAAC,EAAE;YAFb,IAAI,CAGD,eAAe,CAAC,SAAS;;QAH5B,IAAI;QAbN,IAAI;QAPN,MAAM;KA+BP",
    "entry-package-info": "entry|1.0.0"
  },
  "entry|entry|1.0.0|src/main/ets/pages/RelativePage.ts": {
    "version": 3,
    "file": "RelativePage.ets",
    "sourceRoot": "",
    "sources": [
      "entry/src/main/ets/pages/RelativePage.ets"
    ],
    "names": [],
    "mappings": ";;;;;MAEO,YAAY;IAFnB;;;;;;;KAAA;;;;;;;;;;;IAGE;;YACE,MAAM,QAAC,EAAC,KAAK,EAAE,EAAE,EAAC;;YAAlB,MAAM,CAuDL,KAAK,CAAC,MAAM;YAvDb,MAAM,CAwDL,MAAM,CAAC,MAAM;YAxDd,MAAM,CAyDL,eAAe,CAAC,SAAS;YAzD1B,MAAM,CA0DL,OAAO,CAAC,EAAC,IAAI,EAAE,EAAE,EAAE,GAAG,EAAE,EAAE,EAAE,KAAK,EAAE,EAAE,EAAE,MAAM,EAAE,EAAE,EAAC;;;YAzDjD,iBAAiB;;YAAjB,iBAAiB,CAchB,KAAK,CAAC,MAAM;YAdb,iBAAiB,CAehB,MAAM,CAAC,EAAE;YAfV,iBAAiB,CAgBhB,eAAe,CAAC,KAAK,CAAC,IAAI;;;YAfzB,IAAI,QAAC,IAAI;;YAAT,IAAI,CACD,QAAQ,CAAC,EAAE;YADd,IAAI,CAED,KAAK,CAAC,GAAG;YAFZ,IAAI,CAGD,MAAM,CAAC,EAAE;YAHZ,IAAI,CAID,eAAe,CAAC,SAAS;YAJ5B,IAAI,CAKD,UAAU,CAAC;gBACV,GAAG,EAAE;oBACH,MAAM,EAAE,eAAe;oBACvB,KAAK,EAAE,aAAa,CAAC,GAAG;iBACzB;aACF;YAVH,IAAI,CAWD,EAAE,CAAC,MAAM;;QAXZ,IAAI;QADN,iBAAiB;;YAkBjB,iBAAiB;;YAAjB,iBAAiB,CAchB,KAAK,CAAC,MAAM;YAdb,iBAAiB,CAehB,MAAM,CAAC,EAAE;YAfV,iBAAiB,CAgBhB,eAAe,CAAC,KAAK,CAAC,IAAI;;;YAfzB,IAAI,QAAC,IAAI;;YAAT,IAAI,CACD,QAAQ,CAAC,EAAE;YADd,IAAI,CAED,KAAK,CAAC,GAAG;YAFZ,IAAI,CAGD,MAAM,CAAC,EAAE;YAHZ,IAAI,CAID,eAAe,CAAC,SAAS;YAJ5B,IAAI,CAKD,UAAU,CAAC;gBACV,GAAG,EAAE;oBACH,MAAM,EAAE,eAAe;oBACvB,KAAK,EAAE,aAAa,CAAC,MAAM;iBAC5B;aACF;YAVH,IAAI,CAWD,EAAE,CAAC,MAAM;;QAXZ,IAAI;QADN,iBAAiB;;YAkBjB,iBAAiB;;YAAjB,iBAAiB,CAchB,KAAK,CAAC,MAAM;YAdb,iBAAiB,CAehB,MAAM,CAAC,EAAE;YAfV,iBAAiB,CAgBhB,eAAe,CAAC,KAAK,CAAC,IAAI;;;YAfzB,IAAI,QAAC,IAAI;;YAAT,IAAI,CACD,QAAQ,CAAC,EAAE;YADd,IAAI,CAED,KAAK,CAAC,GAAG;YAFZ,IAAI,CAGD,MAAM,CAAC,EAAE;YAHZ,IAAI,CAID,eAAe,CAAC,SAAS;YAJ5B,IAAI,CAKD,UAAU,CAAC;gBACV,GAAG,EAAE;oBACH,MAAM,EAAE,eAAe;oBACvB,KAAK,EAAE,aAAa,CAAC,MAAM;iBAC5B;aACF;YAVH,IAAI,CAWD,EAAE,CAAC,MAAM;;QAXZ,IAAI;QADN,iBAAiB;QArCnB,MAAM;KA2DP",
    "entry-package-info": "entry|1.0.0"
  },
  "entry|entry|1.0.0|src/main/ets/pages/LinearPage.ts": {
    "version": 3,
    "file": "LinearPage.ets",
    "sourceRoot": "",
    "sources": [
      "entry/src/main/ets/pages/LinearPage.ets"
    ],
    "names": [],
    "mappings": ";;;;;MAEO,UAAU;IAFjB;;;;;;;KAAA;;;;;;;;;;;IAGE;;YACE,MAAM,QAAC,EAAC,KAAK,EAAE,EAAE,EAAC;;YAAlB,MAAM,CAmCL,UAAU,CAAC,eAAe,CAAC,KAAK;YAnCjC,MAAM,CAoCL,OAAO,CAAC,EAAE;YApCX,MAAM,CAqCL,IAAI,CAAC,EAAE,KAAK,EAAE,MAAM,EAAE,MAAM,EAAE,MAAM,EAAE;;;YApCrC,GAAG,QAAC,EAAC,KAAK,EAAC,EAAE,EAAC;;YAAd,GAAG,CA+BF,KAAK,CAAC,MAAM;YA/Bb,GAAG,CAgCF,MAAM,CAAC,MAAM;;;YA/BZ,MAAM;;YAAN,MAAM,CAKL,UAAU,CAAC,eAAe,CAAC,KAAK;YALjC,MAAM,CAML,IAAI,CAAC,EAAC,KAAK,EAAE,KAAK,EAAE,MAAM,EAAE,MAAM,EAAC;YANpC,MAAM,CAOL,WAAW,CAAC,CAAC;YAPd,MAAM,CAQL,WAAW,CAAC,KAAK,CAAC,IAAI;;;YAPrB,IAAI,QAAC,OAAO;;YAAZ,IAAI,CACD,QAAQ,CAAC,EAAE;YADd,IAAI,CAED,eAAe,CAAC,SAAS;;QAF5B,IAAI;QADN,MAAM;;YAUN,MAAM;;YAAN,MAAM,CAKL,UAAU,CAAC,eAAe,CAAC,MAAM;YALlC,MAAM,CAML,IAAI,CAAC,EAAC,KAAK,EAAE,KAAK,EAAE,MAAM,EAAE,MAAM,EAAC;YANpC,MAAM,CAOL,WAAW,CAAC,CAAC;YAPd,MAAM,CAQL,WAAW,CAAC,KAAK,CAAC,IAAI;;;YAPrB,IAAI,QAAC,QAAQ;;YAAb,IAAI,CACD,QAAQ,CAAC,EAAE;YADd,IAAI,CAED,eAAe,CAAC,SAAS;;QAF5B,IAAI;QADN,MAAM;;YAUN,MAAM;;YAAN,MAAM,CAKL,UAAU,CAAC,eAAe,CAAC,GAAG;YAL/B,MAAM,CAML,IAAI,CAAC,EAAC,KAAK,EAAE,KAAK,EAAE,MAAM,EAAE,MAAM,EAAC;YANpC,MAAM,CAOL,WAAW,CAAC,CAAC;YAPd,MAAM,CAQL,WAAW,CAAC,KAAK,CAAC,IAAI;;;YAPrB,IAAI,QAAC,KAAK;;YAAV,IAAI,CACD,QAAQ,CAAC,EAAE;YADd,IAAI,CAED,eAAe,CAAC,SAAS;;QAF5B,IAAI;QADN,MAAM;QArBR,GAAG;QADL,MAAM;KAsCP",
    "entry-package-info": "entry|1.0.0"
  },
  "entry|entry|1.0.0|src/main/ets/pages/SideBarPage.ts": {
    "version": 3,
    "file": "SideBarPage.ets",
    "sourceRoot": "",
    "sources": [
      "entry/src/main/ets/pages/SideBarPage.ets"
    ],
    "names": [],
    "mappings": ";;;;;MAEO,WAAW;IAFlB;;;;;;;KAAA;;;;;;;;;;;IAIE;;YACE,gBAAgB,QAAC,oBAAoB,CAAC,KAAK;;YAA3C,gBAAgB,CAuBf,WAAW,CAAC,KAAK;YAvBlB,gBAAgB,CAwBf,YAAY,CAAC,GAAG;YAxBjB,gBAAgB,CAyBf,eAAe,CAAC,GAAG;YAzBpB,gBAAgB,CA0Bf,eAAe,CAAC,GAAG;YA1BpB,gBAAgB,CA2Bf,aAAa,CAAC;gBACb,KAAK,EAAE,EAAE;gBACT,MAAM,EAAE,EAAE;gBACV,GAAG,EAAE,EAAE,EAAwC,qBAAqB;gBACpE,gEAAgE;gBAChE,qEAAqE;gBACrE,qEAAqE;gBACrE,4EAA4E;gBAC5E,IAAI;aACL;YApCD,gBAAgB,CAqCf,KAAK,CAAC,MAAM;YArCb,gBAAgB,CAsCf,MAAM,CAAC,MAAM;;;YArCZ,MAAM;;YAAN,MAAM,CAOL,KAAK,CAAC,EAAE;YAPT,MAAM,CAQL,MAAM,CAAC,MAAM;YARd,MAAM,CASL,eAAe,CAAC,SAAS;;;YARxB,IAAI,QAAC,OAAO;;YAAZ,IAAI,CACD,KAAK,CAAC,MAAM;YADf,IAAI,CAED,MAAM,CAAC,MAAM;YAFhB,IAAI,CAGD,QAAQ,CAAC,EAAE;YAHd,IAAI,CAID,SAAS,CAAC,SAAS,CAAC,MAAM;;QAJ7B,IAAI;QADN,MAAM;;YAWN,MAAM;;YAAN,MAAM,CAOL,KAAK,CAAC,MAAM;YAPb,MAAM,CAQL,MAAM,CAAC,MAAM;YARd,MAAM,CASL,eAAe,CAAC,SAAS;;;YARxB,IAAI,QAAC,OAAO;;YAAZ,IAAI,CACD,KAAK,CAAC,MAAM;YADf,IAAI,CAED,MAAM,CAAC,MAAM;YAFhB,IAAI,CAGD,QAAQ,CAAC,EAAE;YAHd,IAAI,CAID,SAAS,CAAC,SAAS,CAAC,MAAM;;QAJ7B,IAAI;QADN,MAAM;QAZR,gBAAgB;KAuCjB",
    "entry-package-info": "entry|1.0.0"
  },
  "entry|entry|1.0.0|src/main/ets/pages/SwiperPage.ts": {
    "version": 3,
    "file": "SwiperPage.ets",
    "sourceRoot": "",
    "sources": [
      "entry/src/main/ets/pages/SwiperPage.ets"
    ],
    "names": [],
    "mappings": ";;;;IAKU,UAAU,GAAE,gBAAgB;;;MAD/B,UAAU;IAFjB;;;;;0BAGyC,IAAI,gBAAgB,EAAE;;;KALrB;;;;;;;;;;;;;;IAKxC,OAAO,aAAa,gBAAgB,CAA0B;IAE9D;;YACE,MAAM;;YAAN,MAAM,CAqDL,OAAO,CAAC,EAAE;YArDX,MAAM,CAsDL,MAAM,CAAC,MAAM;YAtDd,MAAM,CAuDL,KAAK,CAAC,MAAM;;;YAtDX,MAAM,QAAC,IAAI,CAAC,UAAU;;YAAtB,MAAM,CAML,KAAK,CAAC,MAAM;YANb,MAAM,CAOL,MAAM,CAAC,KAAK;YAPb,MAAM,CAYL,QAAQ,CAAC,CAAC,KAAK,EAAE,EAAE;gBAClB,IAAI,KAAK,IAAI,CAAC,EAAE;oBACd,YAAY,CAAC,SAAS,CAAC;wBACrB,OAAO,EAAE,KAAK;qBACf,CAAC,CAAA;iBACH;qBAAM,IAAI,KAAK,IAAI,CAAC,EAAE;oBACrB,YAAY,CAAC,SAAS,CAAC;wBACrB,OAAO,EAAE,KAAK;qBACf,CAAC,CAAA;iBACH;qBAAM,IAAI,KAAK,IAAI,CAAC,EAAE;oBACrB,YAAY,CAAC,SAAS,CAAC;wBACrB,OAAO,EAAE,KAAK;qBACf,CAAC,CAAA;iBACH;qBAAK,IAAI,KAAK,IAAI,CAAC,EAAE;oBACpB,YAAY,CAAC,SAAS,CAAC;wBACrB,OAAO,EAAE,KAAK;qBACf,CAAC,CAAA;iBACH;YACH,CAAC;;;YA7BC,KAAK;;;;YACL,KAAK;;;;YACL,KAAK;;;;YACL,KAAK;;;QAJP,MAAM;;YAgCN,GAAG;;YAAH,GAAG,CAeF,KAAK,CAAC,KAAK;YAfZ,GAAG,CAgBF,MAAM,CAAC,EAAC,GAAG,EAAC,EAAE,EAAC;YAhBhB,GAAG,CAiBF,cAAc,CAAC,SAAS,CAAC,WAAW;;;YAhBnC,MAAM,iBAAC,KAAK;;YAAZ,MAAM,CACH,IAAI,CAAC,UAAU,CAAC,MAAM;YADzB,MAAM,CAEH,YAAY,CAAC,CAAC;YAFjB,MAAM,CAGH,OAAO,CAAC,GAAG,EAAE;gBACZ,IAAI,CAAC,UAAU,CAAC,YAAY,EAAE,CAAA;YAChC,CAAC;;QALH,MAAM;;YAON,MAAM,iBAAC,KAAK;;YAAZ,MAAM,CACH,IAAI,CAAC,UAAU,CAAC,MAAM;YADzB,MAAM,CAEH,YAAY,CAAC,CAAC;YAFjB,MAAM,CAGH,OAAO,CAAC,GAAG,EAAE;gBACZ,IAAI,CAAC,UAAU,CAAC,QAAQ,EAAE,CAAC;YAC7B,CAAC;;QALH,MAAM;QARR,GAAG;QAjCL,MAAM;KAwDP",
    "entry-package-info": "entry|1.0.0"
  },
  "entry|entry|1.0.0|src/main/ets/pages/TabsPage.ts": {
    "version": 3,
    "file": "TabsPage.ets",
    "sourceRoot": "",
    "sources": [
      "entry/src/main/ets/pages/TabsPage.ets"
    ],
    "names": [],
    "mappings": ";;;;IAGU,UAAU,GAAC,cAAc;IAC1B,KAAK,GAAC,MAAM;;MAFd,QAAQ;IAFf;;;;;0BAGsC,IAAI,cAAc,EAAE;oDAClC,CAAC;;;KAJzB;;;;;;;;;;;;;;;;;;;IAGE,OAAO,aAAY,cAAc,CAAwB;IACzD,0CAAa,MAAM,EAAK;QAAjB,KAAK;;;QAAL,KAAK,WAAC,MAAM;;;IAEV,QAAQ;;YACf,MAAM;;;;YACJ,MAAM;;YAAN,MAAM,CASL,eAAe,CAAC,IAAI,CAAC,KAAK,IAAG,CAAC,CAAA,CAAC,CAAA,KAAK,CAAC,IAAI,CAAA,CAAC,CAAA,KAAK,CAAC,MAAM;YATvD,MAAM,CAUL,MAAM,CAAC,MAAM;YAVd,MAAM,CAWL,KAAK,CAAC,MAAM;YAXb,MAAM,CAYL,OAAO,CAAC,GAAG,EAAE;gBACZ,IAAI,CAAC,KAAK,GAAG,CAAC,CAAC;gBACf,IAAI,CAAC,UAAU,CAAC,WAAW,CAAC,IAAI,CAAC,KAAK,CAAC,CAAC;YAC1C,CAAC;;;YAdC,KAAK;;;QAAL,KAAK;;YACL,KAAK,QAAC,IAAI,CAAC,KAAK,IAAI,CAAC,CAAC,CAAC,kGAAuB,CAAC,iGAAsB;;YAArE,KAAK,CACF,IAAI,CAAC,EAAC,KAAK,EAAE,EAAE,EAAE,MAAM,EAAE,EAAE,EAAC;;;YAC/B,IAAI,QAAC,KAAK;;YAAV,IAAI,CACD,QAAQ,CAAC,EAAE;YADd,IAAI,CAED,SAAS,CAAC,IAAI,CAAC,KAAK,IAAI,CAAC,CAAC,CAAC,CAAC,SAAS,CAAC,CAAC,CAAC,SAAS;;QAFpD,IAAI;;YAGJ,KAAK;;;QAAL,KAAK;QAPP,MAAM;QADR,MAAM;KAkBP;IAEQ,QAAQ;;YACf,MAAM;;;;YACJ,MAAM;;YAAN,MAAM,CASL,eAAe,CAAC,IAAI,CAAC,KAAK,IAAG,CAAC,CAAA,CAAC,CAAA,KAAK,CAAC,IAAI,CAAA,CAAC,CAAA,KAAK,CAAC,MAAM;YATvD,MAAM,CAUL,MAAM,CAAC,MAAM;YAVd,MAAM,CAWL,KAAK,CAAC,MAAM;YAXb,MAAM,CAYL,OAAO,CAAC,GAAG,EAAE;gBACZ,IAAI,CAAC,KAAK,GAAG,CAAC,CAAC;gBACf,IAAI,CAAC,UAAU,CAAC,WAAW,CAAC,IAAI,CAAC,KAAK,CAAC,CAAC;YAC1C,CAAC;;;YAdC,KAAK;;;QAAL,KAAK;;YACL,KAAK,QAAC,IAAI,CAAC,KAAK,IAAI,CAAC,CAAC,CAAC,kGAAuB,CAAC,iGAAsB;;YAArE,KAAK,CACF,IAAI,CAAC,EAAC,KAAK,EAAE,EAAE,EAAE,MAAM,EAAE,EAAE,EAAC;;;YAC/B,IAAI,QAAC,KAAK;;YAAV,IAAI,CACD,QAAQ,CAAC,EAAE;YADd,IAAI,CAED,SAAS,CAAC,IAAI,CAAC,KAAK,IAAI,CAAC,CAAC,CAAC,CAAC,SAAS,CAAC,CAAC,CAAC,SAAS;;QAFpD,IAAI;;YAGJ,KAAK;;;QAAL,KAAK;QAPP,MAAM;QADR,MAAM;KAkBP;IAEQ,QAAQ;;YACf,MAAM;;;;YACJ,MAAM;;YAAN,MAAM,CASL,eAAe,CAAC,IAAI,CAAC,KAAK,IAAG,CAAC,CAAA,CAAC,CAAA,KAAK,CAAC,IAAI,CAAA,CAAC,CAAA,KAAK,CAAC,MAAM;YATvD,MAAM,CAUL,MAAM,CAAC,MAAM;YAVd,MAAM,CAWL,KAAK,CAAC,MAAM;YAXb,MAAM,CAYL,OAAO,CAAC,GAAG,EAAE;gBACZ,IAAI,CAAC,KAAK,GAAG,CAAC,CAAC;gBACf,IAAI,CAAC,UAAU,CAAC,WAAW,CAAC,IAAI,CAAC,KAAK,CAAC,CAAC;YAC1C,CAAC;;;YAdC,KAAK;;;QAAL,KAAK;;YACL,KAAK,QAAC,IAAI,CAAC,KAAK,IAAI,CAAC,CAAC,CAAC,kGAAuB,CAAC,iGAAsB;;YAArE,KAAK,CACF,IAAI,CAAC,EAAC,KAAK,EAAE,EAAE,EAAE,MAAM,EAAE,EAAE,EAAC;;;YAC/B,IAAI,QAAC,KAAK;;YAAV,IAAI,CACD,QAAQ,CAAC,EAAE;YADd,IAAI,CAED,SAAS,CAAC,IAAI,CAAC,KAAK,IAAI,CAAC,CAAC,CAAC,CAAC,SAAS,CAAC,CAAC,CAAC,SAAS;;QAFpD,IAAI;;YAGJ,KAAK;;;QAAL,KAAK;QAPP,MAAM;QADR,MAAM;KAkBP;IAEQ,QAAQ;;YACf,MAAM;;;;YACJ,MAAM;;YAAN,MAAM,CASL,eAAe,CAAC,IAAI,CAAC,KAAK,IAAG,CAAC,CAAA,CAAC,CAAA,KAAK,CAAC,IAAI,CAAA,CAAC,CAAA,KAAK,CAAC,MAAM;YATvD,MAAM,CAUL,MAAM,CAAC,MAAM;YAVd,MAAM,CAWL,KAAK,CAAC,MAAM;YAXb,MAAM,CAYL,OAAO,CAAC,GAAG,EAAE;gBACZ,IAAI,CAAC,KAAK,GAAG,CAAC,CAAC;gBACf,IAAI,CAAC,UAAU,CAAC,WAAW,CAAC,IAAI,CAAC,KAAK,CAAC,CAAC;YAC1C,CAAC;;;YAdC,KAAK;;;QAAL,KAAK;;YACL,KAAK,QAAC,IAAI,CAAC,KAAK,IAAI,CAAC,CAAC,CAAC,kGAAuB,CAAC,iGAAsB;;YAArE,KAAK,CACF,IAAI,CAAC,EAAC,KAAK,EAAE,EAAE,EAAE,MAAM,EAAE,EAAE,EAAC;;;YAC/B,IAAI,QAAC,KAAK;;YAAV,IAAI,CACD,QAAQ,CAAC,EAAE;YADd,IAAI,CAED,SAAS,CAAC,IAAI,CAAC,KAAK,IAAI,CAAC,CAAC,CAAC,CAAC,SAAS,CAAC,CAAC,CAAC,SAAS;;QAFpD,IAAI;;YAGJ,KAAK;;;QAAL,KAAK;QAPP,MAAM;QADR,MAAM;KAkBP;IAED;;YACE,MAAM;;YAAN,MAAM,CAsDL,OAAO,CAAC,EAAE;YAtDX,MAAM,CAuDL,MAAM,CAAC,MAAM;YAvDd,MAAM,CAwDL,KAAK,CAAC,MAAM;;;YAvDX,IAAI,QAAC;gBACH,WAAW,EAAC,WAAW,CAAC,GAAG;gBAC3B,UAAU,EAAC,IAAI,CAAC,UAAU;aAC3B;;YAHD,IAAI,CA6CH,KAAK,CAAC,MAAM;YA7Cb,IAAI,CA8CH,MAAM,CAAC,MAAM;YA9Cd,IAAI,CA+CH,QAAQ,CAAC,KAAK;YA/Cf,IAAI,CAgDH,UAAU,CAAC,IAAI;YAhDhB,IAAI,CAiDH,QAAQ,CAAC,CAAC,KAAK,EAAC,EAAE;gBACjB,IAAI,CAAC,KAAK,GAAG,KAAK,CAAC;YACrB,CAAC;;;;;oBA9CG,KAAK;;oBAAL,KAAK,CACF,KAAK,CAAC,MAAM;oBADf,KAAK,CAEF,MAAM,CAAC,MAAM;oBAFhB,KAAK,CAGF,eAAe,CAAC,SAAS;;;uBAE7B,KAAK,CAAC,MAAM;uBACZ,MAAM,CAAC,MAAM;uBACb,MAAM;oBAAC,IAAI,CAAC,QAAQ;;;;;;;;oBAGnB,KAAK;;oBAAL,KAAK,CACF,KAAK,CAAC,MAAM;oBADf,KAAK,CAEF,MAAM,CAAC,MAAM;oBAFhB,KAAK,CAGF,eAAe,CAAC,SAAS;;;uBAE7B,KAAK,CAAC,MAAM;uBACZ,MAAM,CAAC,MAAM;uBACb,MAAM;oBAAC,IAAI,CAAC,QAAQ;;;;;;;;oBAGnB,KAAK;;oBAAL,KAAK,CACF,KAAK,CAAC,MAAM;oBADf,KAAK,CAEF,MAAM,CAAC,MAAM;oBAFhB,KAAK,CAGF,eAAe,CAAC,SAAS;;;uBAE7B,KAAK,CAAC,MAAM;uBACZ,MAAM,CAAC,MAAM;uBACb,MAAM;oBAAC,IAAI,CAAC,QAAQ;;;;;;;;oBAGnB,KAAK,yCAAI,iBAAiB;gCACxB,EAAE;;oBADJ,KAAK,CAEF,KAAK,CAAC,MAAM;oBAFf,KAAK,CAGF,MAAM,CAAC,MAAM;oBAHhB,KAAK,CAIF,eAAe,CAAC,SAAS;;;uBAE7B,KAAK,CAAC,MAAM;uBACZ,MAAM,CAAC,MAAM;uBACb,MAAM;oBAAC,IAAI,CAAC,QAAQ;;;;;QA3CvB,IAAI;QADN,MAAM;KAyDP",
    "entry-package-info": "entry|1.0.0"
  },
  "entry|entry|1.0.0|src/main/ets/pages/RatingPage.ts": {
    "version": 3,
    "file": "RatingPage.ets",
    "sourceRoot": "",
    "sources": [
      "entry/src/main/ets/pages/RatingPage.ets"
    ],
    "names": [],
    "mappings": ";;;;IAGS,KAAK,GAAC,MAAM;;MADd,UAAU;IAFjB;;;;;oDAGsB,CAAC;;;KAHvB;;;;;;;;;;;;;;;;IAGE,0CAAa,MAAM,EAAG;QAAf,KAAK;;;QAAL,KAAK,WAAC,MAAM;;;IAEnB;;YACE,MAAM,QAAC,EAAC,KAAK,EAAC,EAAE,EAAC;;YAAjB,MAAM,CAyBL,MAAM,CAAC,MAAM;YAzBd,MAAM,CA0BL,KAAK,CAAC,MAAM;;;YAzBX,MAAM,QAAC,EAAC,MAAM,EAAC,CAAC,EAAC,SAAS,EAAC,IAAI,EAAC;;YAAhC,MAAM,CACH,KAAK,CAAC,GAAG;YADZ,MAAM,CAEH,MAAM,CAAC,EAAE;;QAFZ,MAAM;;YAIN,MAAM,QAAC,EAAC,MAAM,EAAC,CAAC,EAAC,SAAS,EAAC,KAAK,EAAC;;YAAjC,MAAM,CACH,KAAK,CAAC,GAAG;YADZ,MAAM,CAEH,MAAM,CAAC,EAAE;YAFZ,MAAM,CAGH,KAAK,CAAC,CAAC;YAHV,MAAM,CAIH,QAAQ,CAAC,GAAG;YAJf,MAAM,CAKH,QAAQ,CAAC,CAAC,KAAK,EAAC,EAAE;gBACjB,IAAI,CAAC,KAAK,GAAG,KAAK,CAAC;YACrB,CAAC;;QAPH,MAAM;;YAQN,GAAG;;;;YACD,IAAI,QAAC,MAAM;;YAAX,IAAI,CACD,QAAQ,CAAC,EAAE;YADd,IAAI,CAED,UAAU,CAAC,UAAU,CAAC,MAAM;;QAF/B,IAAI;;YAGJ,IAAI,QAAC,IAAI,CAAC,KAAK,CAAC,QAAQ,EAAE;;YAA1B,IAAI,CACD,QAAQ,CAAC,EAAE;YADd,IAAI,CAED,UAAU,CAAC,UAAU,CAAC,MAAM;YAF/B,IAAI,CAGD,SAAS,CAAC,SAAS;;QAHtB,IAAI;QAJN,GAAG;QAbL,MAAM;KA2BP",
    "entry-package-info": "entry|1.0.0"
  },
  "entry|entry|1.0.0|src/main/ets/pages/CounterPage.ts": {
    "version": 3,
    "file": "CounterPage.ets",
    "sourceRoot": "",
    "sources": [
      "entry/src/main/ets/pages/CounterPage.ets"
    ],
    "names": [],
    "mappings": ";;;;IAKS,KAAK,GAAC,MAAM;;MAFd,WAAW;IAFlB;;;;;oDAIwB,CAAC;;;KALzB;;;;;;;;;;;;;;;;IAIE,aAAa;IACb,0CAAa,MAAM,EAAK;QAAjB,KAAK;;;QAAL,KAAK,WAAC,MAAM;;;IAEnB;;YACE,MAAM,QAAC,EAAC,KAAK,EAAC,EAAE,EAAC;;YAAjB,MAAM,CAiBL,MAAM,CAAC,MAAM;YAjBd,MAAM,CAkBL,KAAK,CAAC,MAAM;;;YAjBX,OAAO;;YAAP,OAAO,CACJ,KAAK,CAAC,GAAG;YADZ,OAAO,CAEJ,MAAM,CAAC,EAAE;;QAFZ,OAAO;;YAGP,OAAO;;YAAP,OAAO,CAIN,KAAK,CAAC,GAAE,EAAE;gBACT,IAAI,CAAC,KAAK,EAAE,CAAC;YACf,CAAC;YAND,OAAO,CAON,KAAK,CAAC,GAAE,EAAE;gBACT,IAAG,IAAI,CAAC,KAAK,GAAC,CAAC,EAAC;oBACd,IAAI,CAAC,KAAK,EAAE,CAAC;iBACd;YACH,CAAC;;;YAVC,IAAI,QAAC,IAAI,CAAC,KAAK,CAAC,QAAQ,EAAE;;YAA1B,IAAI,CACD,QAAQ,CAAC,EAAE;;QADd,IAAI;QADN,OAAO;QAJT,MAAM;KAmBP",
    "entry-package-info": "entry|1.0.0"
  },
  "entry|entry|1.0.0|src/main/ets/pages/BadgePage.ts": {
    "version": 3,
    "file": "BadgePage.ets",
    "sourceRoot": "",
    "sources": [
      "entry/src/main/ets/pages/BadgePage.ets"
    ],
    "names": [],
    "mappings": ";;;;IAGS,MAAM,GAAC,MAAM;;MADf,SAAS;IAFhB;;;;;qDAGyB,CAAC;;;KAH1B;;;;;;;;;;;;;;;;IAGE,2CAAc,MAAM,EAAK;QAAlB,MAAM;;;QAAN,MAAM,WAAC,MAAM;;;IAEpB;;YACE,MAAM,QAAC,EAAC,KAAK,EAAC,EAAE,EAAC;;YAAjB,MAAM,CAsBL,MAAM,CAAC,MAAM;YAtBd,MAAM,CAuBL,KAAK,CAAC,MAAM;YAvBb,MAAM,CAwBL,MAAM,CAAC,EAAC,GAAG,EAAC,EAAE,EAAC;;;YAvBd,KAAK,QAAC;gBACJ,KAAK,EAAC,IAAI,CAAC,MAAM;gBACjB,QAAQ,EAAC,EAAE;gBACX,QAAQ,EAAC,aAAa,CAAC,QAAQ;gBAC/B,KAAK,EAAC;oBACJ,KAAK,EAAC,KAAK,CAAC,KAAK;oBACjB,QAAQ,EAAC,EAAE;oBACX,SAAS,EAAC,EAAE;oBACZ,yBAAyB;oBACzB,iBAAiB;oBACjB,0BAA0B;iBAC3B;aACF;;YAZD,KAAK,CAiBH,OAAO,CAAC,GAAE,EAAE;gBACZ,IAAI,CAAC,MAAM,EAAE,CAAC;YAChB,CAAC;;;YANC,IAAI,QAAC,IAAI;;YAAT,IAAI,CACD,QAAQ,CAAC,EAAE;YADd,IAAI,CAED,SAAS,CAAC,SAAS,CAAC,MAAM;YAF7B,IAAI,CAGD,eAAe,CAAC,KAAK,CAAC,IAAI;;QAH7B,IAAI;QAbN,KAAK;QADP,MAAM;KAyBP",
    "entry-package-info": "entry|1.0.0"
  },
  "entry|entry|1.0.0|src/main/ets/pages/FindStudentPage.ts": {
    "version": 3,
    "file": "FindStudentPage.ets",
    "sourceRoot": "",
    "sources": [
      "entry/src/main/ets/pages/FindStudentPage.ets"
    ],
    "names": [],
    "mappings": ";;;;IAOS,KAAK,GAAC,MAAM;IACnB,OAAO,GAAC,OAAO;IACR,OAAO,GAAC,MAAM;;;cARd,OAAO,QAAQ,kBAAkB;;MAKnC,eAAe;IAFtB;;;;;oDAGwB,EAAE;uBACN,IAAI,CAAC;sDACC,EAAE;;;KAPM;;;;;;;;;;;;;;;;;;;;;;;;IAKhC,0CAAa,MAAM,EAAM;QAAlB,KAAK;;;QAAL,KAAK,WAAC,MAAM;;;IACnB,iBAAQ,OAAO,CAAS;IACxB,4CAAe,MAAM,EAAM;QAApB,OAAO;;;QAAP,OAAO,WAAC,MAAM;;;IAErB;;YACE,MAAM,QAAC,EAAC,KAAK,EAAC,EAAE,EAAC;;YAAjB,MAAM,CA0DL,OAAO,CAAC,EAAE;YA1DX,MAAM,CA2DL,MAAM,CAAC,MAAM;YA3Dd,MAAM,CA4DL,KAAK,CAAC,MAAM;;;YA3DX,GAAG,QAAC,EAAC,KAAK,EAAC,EAAE,EAAC;;;;YACZ,IAAI,QAAC,KAAK;;YAAV,IAAI,CACD,QAAQ,CAAC,EAAE;YADd,IAAI,CAED,UAAU,CAAC,UAAU,CAAC,MAAM;YAF/B,IAAI,CAGD,YAAY,CAAC,CAAC;;QAHjB,IAAI;;YAIJ,SAAS,QAAC,EAAC,WAAW,EAAC,QAAQ,EAAC;;YAAhC,SAAS,CACN,QAAQ,CAAC,EAAE;YADd,SAAS,CAEN,UAAU,CAAC,UAAU,CAAC,MAAM;YAF/B,SAAS,CAGN,YAAY,CAAC,CAAC;YAHjB,SAAS,CAIN,YAAY,CAAC,CAAC;YAJjB,SAAS,CAKN,QAAQ,CAAC,CAAC,KAAK,EAAC,EAAE;gBACjB,IAAI,CAAC,KAAK,GAAG,KAAK,CAAC;YACrB,CAAC;;;YACH,MAAM,iBAAC,IAAI;;YAAX,MAAM,CACH,QAAQ,CAAC,EAAE;YADd,MAAM,CAEH,UAAU,CAAC,UAAU,CAAC,MAAM;YAF/B,MAAM,CAGH,YAAY,CAAC,CAAC;YAHjB,MAAM,CAIH,IAAI,CAAC,UAAU,CAAC,MAAM;YAJzB,MAAM,CAKH,YAAY,CAAC,CAAC;YALjB,MAAM,CAMH,OAAO,CAAC,GAAE,EAAE;gBACX,IAAI,GAAG,GAAG,kCAAkC,CAAC;gBAC7C,IAAI,WAAW,GAAG,IAAI,CAAC,UAAU,EAAE,CAAC;gBACpC,WAAW,CAAC,OAAO,CACjB,GAAG,EAAqB,SAAS;gBACjC;oBACE,MAAM,EAAE,IAAI,CAAC,aAAa,CAAC,IAAI;oBAC/B,MAAM,EAAE;wBACN,cAAc,EAAE,kBAAkB,CAAM,wCAAwC;qBACjF;oBACD,WAAW,EAAE,KAAK;oBAClB,cAAc,EAAE,KAAK;oBACrB,SAAS,EAAE;wBACT,EAAE,EAAC,IAAI,CAAC,KAAK;qBACd,CAAmB,YAAY;iBACjC,EACD,CAAC,KAAK,EAAE,IAAI,EAAE,EAAE;oBACd,IAAG,KAAK,EAAC;wBACP,OAAO,CAAC,GAAG,CAAC,MAAM,CAAC,CAAA;qBACpB;yBAAK,IAAG,IAAI,CAAC,YAAY,IAAE,IAAI,CAAC,YAAY,CAAC,EAAE,EAAC;wBAC/C,IAAI,CAAC,OAAO,GAAG,IAAI,CAAC,KAAK,CAAC,GAAG,IAAI,CAAC,MAAM,EAAE,CAAC,IAAI,OAAO,CAAC;wBACvD,IAAI,CAAC,OAAO,GAAG,IAAI,CAAC,OAAO,CAAC,IAAI,IAAI,MAAM,CAAC;qBAC5C;gBACH,CAAC,CACF,CAAA;YACH,CAAC;;QA/BH,MAAM;QAbR,GAAG;;YA8CH,GAAG,QAAC,EAAC,KAAK,EAAC,EAAE,EAAC;;;;YACZ,IAAI,QAAC,KAAK;;YAAV,IAAI,CACD,QAAQ,CAAC,EAAE;YADd,IAAI,CAED,UAAU,CAAC,UAAU,CAAC,MAAM;YAF/B,IAAI,CAGD,YAAY,CAAC,CAAC;;QAHjB,IAAI;;YAIJ,IAAI,QAAC,IAAI,CAAC,OAAO;;YAAjB,IAAI,CACD,QAAQ,CAAC,EAAE;YADd,IAAI,CAED,UAAU,CAAC,UAAU,CAAC,MAAM;YAF/B,IAAI,CAGD,YAAY,CAAC,CAAC;;QAHjB,IAAI;QALN,GAAG;QA/CL,MAAM;KA6DP",
    "entry-package-info": "entry|1.0.0"
  },
  "entry|entry|1.0.0|src/main/ets/pages/GridComponmentPage.ts": {
    "version": 3,
    "file": "GridComponmentPage.ets",
    "sourceRoot": "",
    "sources": [
      "entry/src/main/ets/pages/GridComponmentPage.ets"
    ],
    "names": [],
    "mappings": ";;;;IAGU,KAAK,GAAC,KAAK,CAAC,MAAM,CAAC;;MADtB,iBAAiB;IAFxB;;;;;qBAGgC,CAAC,GAAG,EAAC,GAAG,EAAC,GAAG,EAAC,GAAG,EAAC,GAAG,EAAC,GAAG,EAAC,GAAG,EAAC,GAAG,EAAC,GAAG,EAAC,IAAI,CAAC;;;KAH1E;;;;;;;;;;;;;;IAGE,OAAO,QAAO,KAAK,CAAC,MAAM,CAAC,CAA8C;IAEzE;;YACE,MAAM;;YAAN,MAAM,CA2BL,OAAO,CAAC,EAAE;YA3BX,MAAM,CA4BL,MAAM,CAAC,MAAM;YA5Bd,MAAM,CA6BL,KAAK,CAAC,MAAM;;;YA5BX,IAAI;;YAAJ,IAAI,CAkBH,eAAe,CAAC,aAAa;YAlB9B,IAAI,CAmBH,YAAY,CAAC,qBAAqB;YAnBnC,IAAI,CAoBH,UAAU,CAAC,EAAE;YApBd,IAAI,CAqBH,OAAO,CAAC,EAAE;YArBX,IAAI,CAsBH,KAAK,CAAC,MAAM;YAtBb,IAAI,CAuBH,MAAM,CAAC,GAAG;YAvBX,IAAI,CAwBH,eAAe,CAAC,KAAK,CAAC,IAAI;;;YAvBzB,WAAW;YACX,OAAO;mDAAyB,KAAK,EAAC,MAAM;;;;;wBAC1C,QAAQ,CASP,WAAW,CAAC,KAAK,IAAE,CAAC,CAAA,CAAC,CAAA,CAAC,CAAA,CAAC,CAAA,CAAC;wBATzB,QAAQ,CAUP,SAAS,CAAC,KAAK,IAAE,CAAC,CAAA,CAAC,CAAA,CAAC,CAAA,CAAC,CAAA,CAAC;wBAVvB,QAAQ,CAWP,QAAQ,CAAC,KAAK,IAAE,CAAC,CAAA,CAAC,CAAA,CAAC,CAAA,CAAC,CAAA,CAAC;wBAXtB,QAAQ,CAYP,MAAM,CAAC,KAAK,IAAE,CAAC,CAAA,CAAC,CAAA,CAAC,CAAA,CAAC,CAAA,CAAC;;;;;;4BAXlB,IAAI,QAAC,IAAI;;4BAAT,IAAI,CACD,QAAQ,CAAC,EAAE;4BADd,IAAI,CAED,UAAU,CAAC,UAAU,CAAC,MAAM;4BAF/B,IAAI,CAGD,KAAK,CAAC,MAAM;4BAHf,IAAI,CAID,MAAM,CAAC,MAAM;4BAJhB,IAAI,CAKD,eAAe,CAAC,KAAK,CAAC,MAAM;4BAL/B,IAAI,CAMD,SAAS,CAAC,SAAS,CAAC,MAAM;;wBAN7B,IAAI;wBADN,QAAQ;;;;;+CADF,IAAI,CAAC,KAAK;;QADlB,WAAW;QACX,OAAO;QAFT,IAAI;QADN,MAAM;KA8BP",
    "entry-package-info": "entry|1.0.0"
  },
  "entry|entry|1.0.0|src/main/ets/pages/ListRenderPage.ts": {
    "version": 3,
    "file": "ListRenderPage.ets",
    "sourceRoot": "",
    "sources": [
      "entry/src/main/ets/pages/ListRenderPage.ets"
    ],
    "names": [],
    "mappings": ";;;;IAQS,OAAO,GAAE,MAAM;IACf,IAAI,GAAC,OAAO,EAAE;;cATd,OAAO,QAAQ,kBAAkB;;;;MAOnC,cAAc;IAFrB;;;;;sDAG2B,SAAS;mDACV,EAAE;;;KANc;;;;;;;;;;;;;;;;;;;;;IAKxC,4CAAgB,MAAM,EAAa;QAA5B,OAAO;;;QAAP,OAAO,WAAE,MAAM;;;IACtB,yCAAY,OAAO,EAAE,EAAM;QAApB,IAAI;;;QAAJ,IAAI,WAAC,OAAO,EAAE;;;IACrB,YAAY;IACZ,KAAK,CAAC,aAAa;QACjB,IAAI,CAAC,IAAI,GAAG,MAAM,eAAe,EAAE,CAAC;IACtC,CAAC;IAED;;YACE,MAAM;;YAAN,MAAM,CAiCL,OAAO,CAAC,EAAE;YAjCX,MAAM,CAkCL,MAAM,CAAC,MAAM;YAlCd,MAAM,CAmCL,KAAK,CAAC,MAAM;;;YAlCX,IAAI,QAAC,IAAI,CAAC,OAAO;;YAAjB,IAAI,CACD,EAAE,CAAC,0BAA0B;YADhC,IAAI,CAED,QAAQ,CAAC,EAAE;YAFd,IAAI,CAGD,UAAU,CAAC,UAAU,CAAC,IAAI;YAH7B,IAAI,CAID,MAAM,CAAC,EAAC,GAAG,EAAC,EAAE,EAAC;;QAJlB,IAAI;;YAMJ,IAAI;;YAAJ,IAAI,CAmBH,KAAK,CAAC,MAAM;YAnBb,IAAI,CAoBH,MAAM,CAAC,KAAK;YApBb,IAAI,CAqBH,OAAO,CAAC;gBACP,WAAW,EAAC,CAAC;gBACb,KAAK,EAAC,SAAS;aAChB;;;YAvBC,OAAO;mDAAyB,KAAK,EAAC,MAAM;;;;;;;4BAC1C,QAAQ;;;;;;wBAAR,QAAQ,CASP,OAAO,CAAC,GAAE,EAAE;4BACX,YAAY,CAAC,UAAU,CAAC;gCACtB,KAAK,EAAC,GAAG,IAAI,CAAC,IAAI,EAAE;gCACpB,OAAO,EAAC,MAAM,IAAI,CAAC,EAAE,SAAS,IAAI,CAAC,MAAM,SAAS,IAAI,CAAC,KAAK,EAAE;6BAC/D,CAAC,CAAA;wBACJ,CAAC;;;;;;4BAbC,IAAI,QAAC,IAAI,CAAC,IAAI,GAAC,GAAG,GAAC,IAAI,CAAC,KAAK;;4BAA7B,IAAI,CACD,KAAK,CAAC,MAAM;4BADf,IAAI,CAED,MAAM,CAAC,EAAE;4BAFZ,IAAI,CAGD,QAAQ,CAAC,EAAE;4BAHd,IAAI,CAID,UAAU,CAAC,UAAU,CAAC,IAAI;4BAJ7B,IAAI,CAKD,SAAS,CAAC,SAAS,CAAC,MAAM;4BAL7B,IAAI,CAMD,eAAe,CAAC,KAAK,CAAC,IAAI;;wBAN7B,IAAI;wBADN,QAAQ;;;oBAAR,QAAQ;;;+CADF,IAAI,CAAC,IAAI;;QAAjB,OAAO;QADT,IAAI;QAPN,MAAM;KAoCP;;;;;;;;AAGH,YAAY;AACZ,KAAK,UAAU,eAAe,IAAG,OAAO,CAAC,OAAO,EAAE,CAAC;IAEjD,8BAA8B;IAC9B,IAAI,QAAQ,EAAC,KAAK,CAAC,OAAO,CAAC,GAAG,EAAE,CAAC;IACjC,IAAI,WAAW,GAAG,IAAI,CAAC,UAAU,EAAE,CAAC;IACpC,gDAAgD;IAChD,qCAAqC;IACrC,IAAI,QAAQ,GAAE,WAAW,CAAC,OAAO,CAC/B,kCAAkC,EAAqB,SAAS;IAChE;QACE,MAAM,EAAE,IAAI,CAAC,aAAa,CAAC,IAAI;QAC/B,MAAM,EAAE;YACN,cAAc,EAAE,kBAAkB,CAAM,wCAAwC;SACjF;QACD,WAAW,EAAE,KAAK;QAClB,cAAc,EAAE,KAAK,EAAqB,OAAO;QACjD,sDAAsD;KACvD,CAAC,CAAC;IACL,MAAM,QAAQ,CAAC,IAAI,CAAC,CAAC,IAAI,EAAE,EAAE;QAC3B,OAAO;QACP,IAAG,IAAI,CAAC,YAAY,IAAE,GAAG,EACzB;YACE,gBAAgB;YAChB,QAAQ,GAAG,IAAI,CAAC,KAAK,CAAC,GAAG,IAAI,CAAC,MAAM,EAAE,CAAC,IAAI,OAAO,EAAE,CAAC;SACtD;IACH,CAAC,CACA,CAAA;IACD,OAAO,QAAQ,CAAC;AAClB,CAAC",
    "entry-package-info": "entry|1.0.0"
  },
  "entry|entry|1.0.0|src/main/ets/pages/GridRenderPage.ts": {
    "version": 3,
    "file": "GridRenderPage.ets",
    "sourceRoot": "",
    "sources": [
      "entry/src/main/ets/pages/GridRenderPage.ets"
    ],
    "names": [],
    "mappings": ";;;;IA6MS,OAAO,GAAE,MAAM;IACf,IAAI,GAAC,OAAO,EAAE;;;cARd,OAAO,QAAQ,kBAAkB;;MAMnC,cAAc;IAFrB;;;;;sDAG2B,OAAO;mDACR,EAAE;;;KAPc;;;;;;;;;;;;;;;;;;;;;IAMxC,4CAAgB,MAAM,EAAU;QAAzB,OAAO;;;QAAP,OAAO,WAAE,MAAM;;;IACtB,yCAAY,OAAO,EAAE,EAAM;QAApB,IAAI;;;QAAJ,IAAI,WAAC,OAAO,EAAE;;;IAErB,KAAK,CAAC,aAAa;QACjB,IAAI,CAAC,IAAI,GAAG,MAAM,WAAW,EAAE,CAAC;IAClC,CAAC;IAED;;YACE,MAAM;;YAAN,MAAM,CA2JL,OAAO,CAAC,EAAE;YA3JX,MAAM,CA4JL,MAAM,CAAC,MAAM;YA5Jd,MAAM,CA6JL,KAAK,CAAC,MAAM;;;YA5JX,IAAI,QAAC,IAAI,CAAC,OAAO;;YAAjB,IAAI,CACD,EAAE,CAAC,sBAAsB;YAD5B,IAAI,CAED,QAAQ,CAAC,EAAE;YAFd,IAAI,CAGD,UAAU,CAAC,UAAU,CAAC,IAAI;YAH7B,IAAI,CAID,MAAM,CAAC,EAAC,GAAG,EAAC,EAAE,EAAC;;QAJlB,IAAI;;YAOJ,IAAI;;YAAJ,IAAI,CA4DH,eAAe,CAAC,iBAAiB;YA5DlC,IAAI,CA6DH,UAAU,CAAC,CAAC;YA7Db,IAAI,CA8DH,OAAO,CAAC,CAAC;YA9DV,IAAI,CA+DH,KAAK,CAAC,MAAM;YA/Db,IAAI,CAgEH,MAAM,CAAC,EAAE;;;;;gBA/DR,QAAQ,CAUP,WAAW,CAAC,CAAC;gBAVd,QAAQ,CAWP,WAAW,CAAC,SAAS;gBAXtB,QAAQ,CAYP,eAAe,CAAC,SAAS;;;;;;oBAXxB,IAAI,QAAC,IAAI;;oBAAT,IAAI,CACD,KAAK,CAAC,MAAM;oBADf,IAAI,CAED,MAAM,CAAC,EAAE;oBAFZ,IAAI,CAGD,QAAQ,CAAC,EAAE;oBAHd,IAAI,CAID,UAAU,CAAC,UAAU,CAAC,IAAI;oBAJ7B,IAAI,CAKD,SAAS,CAAC,SAAS,CAAC,MAAM;;gBAL7B,IAAI;gBADN,QAAQ;;;;;;;gBAcR,QAAQ,CAUP,WAAW,CAAC,CAAC;gBAVd,QAAQ,CAWP,WAAW,CAAC,SAAS;gBAXtB,QAAQ,CAYP,eAAe,CAAC,SAAS;;;;;;oBAXxB,IAAI,QAAC,IAAI;;oBAAT,IAAI,CACD,KAAK,CAAC,MAAM;oBADf,IAAI,CAED,MAAM,CAAC,EAAE;oBAFZ,IAAI,CAGD,QAAQ,CAAC,EAAE;oBAHd,IAAI,CAID,UAAU,CAAC,UAAU,CAAC,IAAI;oBAJ7B,IAAI,CAKD,SAAS,CAAC,SAAS,CAAC,MAAM;;gBAL7B,IAAI;gBADN,QAAQ;;;;;;;gBAeR,QAAQ,CAUP,WAAW,CAAC,CAAC;gBAVd,QAAQ,CAWP,WAAW,CAAC,SAAS;gBAXtB,QAAQ,CAYP,eAAe,CAAC,SAAS;;;;;;oBAXxB,IAAI,QAAC,IAAI;;oBAAT,IAAI,CACD,KAAK,CAAC,MAAM;oBADf,IAAI,CAED,MAAM,CAAC,EAAE;oBAFZ,IAAI,CAGD,QAAQ,CAAC,EAAE;oBAHd,IAAI,CAID,UAAU,CAAC,UAAU,CAAC,IAAI;oBAJ7B,IAAI,CAKD,SAAS,CAAC,SAAS,CAAC,MAAM;;gBAL7B,IAAI;gBADN,QAAQ;;;;;;;gBAeR,QAAQ,CAUP,WAAW,CAAC,CAAC;gBAVd,QAAQ,CAWP,WAAW,CAAC,SAAS;gBAXtB,QAAQ,CAYP,eAAe,CAAC,SAAS;;;;;;oBAXxB,IAAI,QAAC,IAAI;;oBAAT,IAAI,CACD,KAAK,CAAC,MAAM;oBADf,IAAI,CAED,MAAM,CAAC,EAAE;oBAFZ,IAAI,CAGD,QAAQ,CAAC,EAAE;oBAHd,IAAI,CAID,UAAU,CAAC,UAAU,CAAC,IAAI;oBAJ7B,IAAI,CAKD,SAAS,CAAC,SAAS,CAAC,MAAM;;gBAL7B,IAAI;gBADN,QAAQ;;;;QA7CV,IAAI;;YAmEJ,IAAI;;YAAJ,IAAI,CA0EH,eAAe,CAAC,iBAAiB;YA1ElC,IAAI,CA2EH,UAAU,CAAC,CAAC;YA3Eb,IAAI,CA4EH,OAAO,CAAC,CAAC;YA5EV,IAAI,CA6EH,KAAK,CAAC,MAAM;YA7Eb,IAAI,CA8EH,MAAM,CAAC,KAAK;;;YA7EX,OAAO;mDAAyB,KAAK,EAAC,MAAM;;;;;wBAC1C,QAAQ,CAQP,WAAW,CAAC,CAAC;wBARd,QAAQ,CASP,WAAW,CAAC,SAAS;wBATtB,QAAQ,CAUP,OAAO,CAAC,GAAE,EAAE;4BACX,YAAY,CAAC,UAAU,CAAC;gCACtB,KAAK,EAAC,OAAO,IAAI,CAAC,IAAI,EAAE;gCACxB,OAAO,EAAC,OAAO,IAAI,CAAC,EAAE,UAAU,IAAI,CAAC,MAAM,UAAU,IAAI,CAAC,KAAK,EAAE;6BAClE,CAAC,CAAA;wBACJ,CAAC;;;;;;4BAdC,IAAI,QAAC,IAAI,CAAC,EAAE;;4BAAZ,IAAI,CACD,KAAK,CAAC,MAAM;4BADf,IAAI,CAED,MAAM,CAAC,EAAE;4BAFZ,IAAI,CAGD,QAAQ,CAAC,EAAE;4BAHd,IAAI,CAID,UAAU,CAAC,UAAU,CAAC,IAAI;4BAJ7B,IAAI,CAKD,SAAS,CAAC,SAAS,CAAC,MAAM;;wBAL7B,IAAI;wBADN,QAAQ;;;;;;;wBAiBR,QAAQ,CAQP,WAAW,CAAC,CAAC;wBARd,QAAQ,CASP,WAAW,CAAC,SAAS;wBATtB,QAAQ,CAUP,OAAO,CAAC,GAAE,EAAE;4BACX,YAAY,CAAC,UAAU,CAAC;gCACtB,KAAK,EAAC,OAAO,IAAI,CAAC,IAAI,EAAE;gCACxB,OAAO,EAAC,OAAO,IAAI,CAAC,EAAE,UAAU,IAAI,CAAC,MAAM,UAAU,IAAI,CAAC,KAAK,EAAE;6BAClE,CAAC,CAAA;wBACJ,CAAC;;;;;;4BAdC,IAAI,QAAC,IAAI,CAAC,IAAI;;4BAAd,IAAI,CACD,KAAK,CAAC,MAAM;4BADf,IAAI,CAED,MAAM,CAAC,EAAE;4BAFZ,IAAI,CAGD,QAAQ,CAAC,EAAE;4BAHd,IAAI,CAID,UAAU,CAAC,UAAU,CAAC,IAAI;4BAJ7B,IAAI,CAKD,SAAS,CAAC,SAAS,CAAC,MAAM;;wBAL7B,IAAI;wBADN,QAAQ;;;;;;;wBAiBR,QAAQ,CAQP,WAAW,CAAC,CAAC;wBARd,QAAQ,CASP,WAAW,CAAC,SAAS;wBATtB,QAAQ,CAUP,OAAO,CAAC,GAAE,EAAE;4BACX,YAAY,CAAC,UAAU,CAAC;gCACtB,KAAK,EAAC,OAAO,IAAI,CAAC,IAAI,EAAE;gCACxB,OAAO,EAAC,OAAO,IAAI,CAAC,EAAE,UAAU,IAAI,CAAC,MAAM,UAAU,IAAI,CAAC,KAAK,EAAE;6BAClE,CAAC,CAAA;wBACJ,CAAC;;;;;;4BAdC,IAAI,QAAC,IAAI,CAAC,MAAM;;4BAAhB,IAAI,CACD,KAAK,CAAC,MAAM;4BADf,IAAI,CAED,MAAM,CAAC,EAAE;4BAFZ,IAAI,CAGD,QAAQ,CAAC,EAAE;4BAHd,IAAI,CAID,UAAU,CAAC,UAAU,CAAC,IAAI;4BAJ7B,IAAI,CAKD,SAAS,CAAC,SAAS,CAAC,MAAM;;wBAL7B,IAAI;wBADN,QAAQ;;;;;;;wBAkBR,QAAQ,CAQP,WAAW,CAAC,CAAC;wBARd,QAAQ,CASP,WAAW,CAAC,SAAS;wBATtB,QAAQ,CAUP,OAAO,CAAC,GAAE,EAAE;4BACX,YAAY,CAAC,UAAU,CAAC;gCACtB,KAAK,EAAC,OAAO,IAAI,CAAC,IAAI,EAAE;gCACxB,OAAO,EAAC,OAAO,IAAI,CAAC,EAAE,UAAU,IAAI,CAAC,MAAM,UAAU,IAAI,CAAC,KAAK,EAAE;6BAClE,CAAC,CAAA;wBACJ,CAAC;;;;;;4BAdC,IAAI,QAAC,IAAI,CAAC,KAAK;;4BAAf,IAAI,CACD,KAAK,CAAC,MAAM;4BADf,IAAI,CAED,MAAM,CAAC,EAAE;4BAFZ,IAAI,CAGD,QAAQ,CAAC,EAAE;4BAHd,IAAI,CAID,UAAU,CAAC,UAAU,CAAC,IAAI;4BAJ7B,IAAI,CAKD,SAAS,CAAC,SAAS,CAAC,MAAM;;wBAL7B,IAAI;wBADN,QAAQ;;;;;+CArDF,IAAI,CAAC,IAAI;;QAAjB,OAAO;QADT,IAAI;QA3EN,MAAM;KA8JP;;;;;;;;AAIH,KAAK,UAAU,WAAW,IAAG,OAAO,CAAC,OAAO,EAAE,CAAC;IAI7C,IAAI,QAAQ,EAAC,OAAO,EAAE,GAAG,EAAE,CAAC,CAAE,kCAAkC;IAEhE,IAAI,WAAW,GAAG,IAAI,CAAC,UAAU,EAAE,CAAC;IAIpC,IAAI,QAAQ,GAAG,WAAW,CAAC,OAAO,CAEhC,kCAAkC,EAAqB,SAAS;IAEhE;QAEE,MAAM,EAAE,IAAI,CAAC,aAAa,CAAC,IAAI;QAE/B,MAAM,EAAE;YAEN,cAAc,EAAE,kBAAkB,CAAM,wCAAwC;SAEjF;QAED,WAAW,EAAE,KAAK;QAElB,cAAc,EAAE,KAAK,EAAqB,OAAO;QAEjD,qDAAqD;KAEtD,CAAC,CAAC;IAEL,MAAM,QAAQ,CAAC,IAAI,CAAC,CAAC,IAAI,EAAE,EAAE;QAE3B,WAAW;QAEX,QAAQ,GAAG,IAAI,CAAC,KAAK,CAAC,GAAG,IAAI,CAAC,MAAM,EAAE,CAAC,CAAC;IAE1C,CAAC,CAEA,CAAA;IAID,OAAO,QAAQ,CAAC;AAElB,CAAC",
    "entry-package-info": "entry|1.0.0"
  }
}