[{"time":"2025-01-06T10:48:39.172Z","category":"etsTransform","level":"warn","msg":"\u001b[33mArkTS:WARN File: D:/Harmony_project/jg12/entry/src/main/ets/pages/RelativePage.ets:36:12\n The current component id \"test\" is duplicate with D:/Harmony_project/jg12/entry/src/main/ets/pages/RelativePage.ets:18:12.","type":"plugin_log","fileId":"D:/Harmony_project/jg12/entry/src/main/ets/pages/RelativePage.ets"},{"time":"2025-01-06T10:48:39.172Z","category":"etsTransform","level":"warn","msg":"\u001b[33mArkTS:WARN File: D:/Harmony_project/jg12/entry/src/main/ets/pages/RelativePage.ets:54:12\n The current component id \"test\" is duplicate with D:/Harmony_project/jg12/entry/src/main/ets/pages/RelativePage.ets:18:12.","type":"plugin_log","fileId":"D:/Harmony_project/jg12/entry/src/main/ets/pages/RelativePage.ets"}]