{
  "HVIGOR_OHOS_PLUGIN": {
    "MODULES": [
      {
        "MODULE_NAME": "1043bfc77febe75fafec0c4309faccf1",
        "API_TYPE": "stageMode",
        "INCREMENTAL_TASKS": {
          "COMPILE_ARKTS": true
        }
      }
    ],
    "BUILD_MODE": "debug"
  },
  "HVIGOR": {
    "IS_INCREMENTAL": true,
    "IS_DAEMON": true,
    "IS_PARALLEL": true,
    "IS_HVIGORFILE_TYPE_CHECK": false,
    "TASK_TIME": {
      "1043bfc77febe75fafec0c4309faccf1": {
        "ConfigureCmake": 480600,
        "MergeProfile": 10414100,
        "CreateBuildProfile": 9110700,
        "PreCheckSyscap": 486000,
        "GeneratePkgContextInfo": 4520800,
        "ProcessIntegratedHsp": 4854600,
        "BuildNativeWithCmake": 369000,
        "ProcessProfile": 102292700,
        "SyscapTransform": 13382900,
        "ProcessRouterMap": 20579800,
        "BuildNativeWithNinja": 2705700,
        "GenerateLoaderJson": 60170900,
        "CompileResource": 279088500,
        "BuildJS": 13770200,
        "CompileArkTS": 11533430400,
        "GeneratePkgModuleJson": 4536000,
        "PackageHap": 745105000,
        "SignHap": 3622200,
        "assembleHap": 266200
      }
    },
    "TOTAL_TIME": 13401561200,
    "BUILD_ID": "202504161956105660"
  }
}