{"deviceType":"phone,tablet,2in1","checkEntry":"true","localPropertiesPath":"D:\\Harmony_project\\jg12\\local.properties","Path":"D:\\DevEco Studio\\tools\\node\\","note":"false","aceProfilePath":"D:\\Harmony_project\\jg12\\entry\\.preview\\default\\intermediates\\res\\default\\resources\\base\\profile","isPreview":"true","hapMode":"false","buildMode":"debug","img2bin":"true","projectProfilePath":"D:\\Harmony_project\\jg12\\build-profile.json5","watchMode":"true","appResource":"D:\\Harmony_project\\jg12\\entry\\.preview\\default\\intermediates\\res\\default\\ResourceTable.txt","logLevel":"3","stageRouterConfig":{"contents":["{\"module\":{\"pages\":\"$profile:main_pages\",\"name\":\"entry\"}}","{\"src\":[\"pages/Index\",\"pages/MainPage\",\"pages/LoginPage\",\"pages/ImagePage\",\"pages/ProgressPage\",\"pages/FirstPage\",\"pages/SecondPage\",\"pages/IfElsePage\",\"pages/ForEachPage\",\"pages/ListPage\",\"pages/PickerPage\",\"pages/QRCodePage\",\"pages/yaoPage\",\"pages/TogglePage\",\"pages/SilderPage\",\"pages/FlexPage\",\"pages/RelativePage\",\"pages/LinearPage\",\"pages/SideBarPage\",\"pages/SwiperPage\",\"pages/TabsPage\",\"pages/RatingPage\",\"pages/CounterPage\",\"pages/BadgePage\",\"pages/FindStudentPage\",\"pages/GridComponmentPage\",\"pages/ListRenderPage\",\"pages/GridRenderPage\"]}"],"paths":["D:\\Harmony_project\\jg12\\entry\\.preview\\default\\intermediates\\res\\default\\module.json","D:\\Harmony_project\\jg12\\entry\\.preview\\default\\intermediates\\res\\default\\resources\\base\\profile\\main_pages.json"]},"port":"29900","aceBuildJson":"D:\\Harmony_project\\jg12\\entry\\.preview\\default\\intermediates\\loader\\default\\loader.json","aceModuleRoot":"D:\\Harmony_project\\jg12\\entry\\src\\main\\ets","aceSoPath":"D:\\Harmony_project\\jg12\\entry\\.preview\\cache\\nativeDependencies.txt","cachePath":"D:\\Harmony_project\\jg12\\entry\\.preview\\cache\\.default","aceModuleBuild":"D:\\Harmony_project\\jg12\\entry\\.preview\\default\\intermediates\\assets\\default\\ets","aceModuleJsonPath":"D:\\Harmony_project\\jg12\\entry\\.preview\\default\\intermediates\\res\\default\\module.json"}